fold,vowel,network,feature_idx,mu,lambda,gc,gct,selected
0,0,master,0,0.054911,0.863224,-0.808313,-0.081866,1
0,0,master,1,0.054937,0.864360,-0.809422,-0.080703,1
0,0,master,2,0.053295,0.848997,-0.795702,-0.097709,1
0,0,master,3,0.077976,0.759860,-0.681884,-0.162163,1
0,0,master,4,0.079329,0.733215,-0.653886,-0.187455,1
0,0,master,5,0.061094,0.797632,-0.736538,-0.141275,1
0,0,master,6,0.078643,0.767790,-0.689147,-0.153567,1
0,0,master,7,0.006980,0.975337,-0.968357,-0.017683,1
0,0,master,8,0.053180,0.953534,-0.900354,0.006714,1
0,0,master,9,0.007759,0.950104,-0.942345,-0.042137,1
0,0,master,10,0.014467,0.980835,-0.966367,-0.004698,1
0,0,master,11,0.045722,0.826643,-0.780921,-0.127635,1
0,0,master,12,0.002940,0.954774,-0.951834,-0.042287,1
0,0,master,13,0.003424,0.988342,-0.984918,-0.008234,1
0,0,master,14,0.009921,0.992665,-0.982743,0.002586,1
0,0,master,15,0.005928,0.983042,-0.977114,-0.011029,1
0,0,master,16,0.076116,0.899002,-0.822886,-0.024882,1
0,0,master,17,0.039723,0.789224,-0.749501,-0.171053,1
0,0,master,18,0.044303,0.840040,-0.795737,-0.115657,1
0,0,master,19,0.000148,0.998701,-0.998553,-0.001151,1
0,0,master,20,0.050312,0.955319,-0.905007,0.005631,1
0,0,master,21,0.069685,0.962175,-0.892490,0.031860,1
0,0,master,22,0.088377,0.955601,-0.867224,0.043978,1
0,0,master,23,0.016754,0.967107,-0.950354,-0.016139,1
0,0,master,24,0.000000,0.994536,-0.994536,-0.005464,1
0,0,master,25,0.025675,0.977043,-0.951368,0.002718,1
0,0,master,26,0.007261,0.996495,-0.989234,0.003755,1
0,0,master,27,0.007702,0.982267,-0.974565,-0.010031,1
0,0,master,28,0.038931,0.950650,-0.911719,-0.010419,1
0,0,master,29,0.006791,0.969429,-0.962638,-0.023780,1
0,0,master,30,0.000022,0.975031,-0.975009,-0.024947,1
0,0,master,31,0.006652,0.996508,-0.989856,0.003160,1
0,0,master,32,0.026477,0.794183,-0.767706,-0.179341,1
0,0,master,33,0.032982,0.820584,-0.787602,-0.146434,1
0,0,master,34,0.035267,0.890491,-0.855224,-0.074242,1
0,0,master,35,0.066723,0.944804,-0.878080,0.011527,1
0,0,master,36,0.066192,0.938948,-0.872755,0.005140,1
0,0,master,37,0.043028,0.940992,-0.897963,-0.015980,1
0,0,master,38,0.052801,0.958555,-0.905754,0.011355,1
0,0,master,39,0.052823,0.946747,-0.893924,-0.000429,1
0,0,master,40,0.037302,0.940313,-0.903011,-0.022386,1
0,0,master,41,0.036509,0.947134,-0.910625,-0.016356,1
0,0,master,42,0.044400,0.914129,-0.869729,-0.041471,1
0,0,master,43,0.063590,0.929242,-0.865652,-0.007167,1
0,0,master,44,0.045483,0.932733,-0.887250,-0.021785,1
0,0,master,45,0.022817,0.780101,-0.757284,-0.197081,1
0,0,master,46,0.028794,0.837284,-0.808490,-0.133922,1
0,0,master,47,0.037504,0.890402,-0.852899,-0.072094,1
0,0,master,48,0.070636,0.939819,-0.869183,0.010455,1
0,0,master,49,0.067778,0.945608,-0.877830,0.013386,1
0,0,master,50,0.037750,0.950504,-0.912754,-0.011746,1
0,0,master,51,0.044565,0.957142,-0.912577,0.001707,1
0,0,master,52,0.044290,0.948913,-0.904623,-0.006798,1
0,0,master,53,0.037329,0.947936,-0.910607,-0.014735,1
0,0,master,54,0.036662,0.945492,-0.908829,-0.017846,1
0,0,master,55,0.038039,0.925764,-0.887725,-0.036197,1
0,0,master,56,0.065087,0.939125,-0.874038,0.004212,1
0,0,master,57,0.042611,0.940012,-0.897401,-0.017378,1
0,0,master,58,0.103915,0.938311,-0.834396,0.042226,1
0,0,master,59,0.013447,0.957524,-0.944077,-0.029029,1
0,0,master,60,0.005071,0.941849,-0.936777,-0.053080,1
0,0,master,61,0.003842,0.500000,-0.496158,-0.496158,1
0,0,master,62,0.003842,0.500067,-0.496225,-0.496092,1
0,0,master,63,0.000568,0.964683,-0.964114,-0.034749,1
0,0,master,64,0.035319,0.938575,-0.903257,-0.026106,1
0,0,master,65,0.001513,0.967040,-0.965528,-0.031447,1
0,0,master,66,0.002025,0.953560,-0.951535,-0.044415,1
0,0,master,67,0.000189,0.973436,-0.973247,-0.026376,1
0,0,master,68,0.000000,0.982404,-0.982403,-0.017596,1
0,0,master,69,0.000521,0.795246,-0.794724,-0.204233,1
0,0,master,70,0.003803,0.950120,-0.946316,-0.046077,1
0,0,master,71,0.009103,0.765541,-0.756438,-0.225356,1
0,0,master,72,0.003999,0.975120,-0.971121,-0.020882,1
0,0,master,73,0.034724,0.862235,-0.827511,-0.103040,1
0,0,master,74,0.033598,0.881426,-0.847828,-0.084976,1
0,0,master,75,0.022079,0.953617,-0.931538,-0.024304,1
0,0,master,76,0.003103,0.998583,-0.995480,0.001686,1
0,0,master,77,0.009103,0.765541,-0.756438,-0.225356,1
0,0,master,78,0.003998,0.975142,-0.971144,-0.020860,1
0,0,master,79,0.034724,0.862235,-0.827511,-0.103041,1
0,0,master,80,0.033597,0.881426,-0.847829,-0.084976,1
0,0,master,81,0.022095,0.953568,-0.931473,-0.024337,1
0,0,master,82,0.003126,0.998617,-0.995491,0.001743,1
0,0,master,83,0.034162,0.617654,-0.583492,-0.348184,1
0,0,master,84,0.000161,0.989154,-0.988993,-0.010684,1
0,0,expert,0,0.015043,0.885269,-0.870226,-0.099689,1
0,0,expert,1,0.013946,0.890353,-0.876407,-0.095702,1
0,0,expert,2,0.016270,0.869692,-0.853422,-0.114038,1
0,0,expert,3,0.037032,0.779756,-0.742724,-0.183212,1
0,0,expert,4,0.038153,0.775576,-0.737422,-0.186271,1
0,0,expert,5,0.036319,0.737989,-0.701670,-0.225692,1
0,0,expert,6,0.028195,0.827548,-0.799353,-0.144257,1
0,0,expert,7,0.012961,0.978957,-0.965996,-0.008082,1
0,0,expert,8,0.036924,0.950048,-0.913124,-0.013028,1
0,0,expert,9,0.034355,0.881057,-0.846702,-0.084589,1
0,0,expert,10,0.064087,0.909985,-0.845897,-0.025928,1
0,0,expert,11,0.011317,0.922527,-0.911210,-0.066156,1
0,0,expert,12,0.047414,0.934684,-0.887269,-0.017902,1
0,0,expert,13,0.061559,0.918718,-0.857159,-0.019722,1
0,0,expert,14,0.046164,0.947908,-0.901744,-0.005928,1
0,0,expert,15,0.018677,0.863142,-0.844464,-0.118181,1
0,0,expert,16,0.103498,0.921714,-0.818216,0.025212,1
0,0,expert,17,0.105120,0.714536,-0.609416,-0.180344,1
0,0,expert,18,0.114957,0.776820,-0.661863,-0.108224,1
0,0,expert,19,0.047502,0.922055,-0.874553,-0.030443,1
0,0,expert,20,0.078757,0.901896,-0.823140,-0.019347,1
0,0,expert,21,0.011698,0.981640,-0.969942,-0.006662,1
0,0,expert,22,0.048043,0.973907,-0.925864,0.021949,1
0,0,expert,23,0.001990,0.938936,-0.936946,-0.059074,1
0,0,expert,24,0.039017,0.953888,-0.914871,-0.007096,1
0,0,expert,25,0.010867,0.979076,-0.968209,-0.010057,1
0,0,expert,26,0.016292,0.962307,-0.946015,-0.021401,1
0,0,expert,27,0.017099,0.965102,-0.948003,-0.017799,1
0,0,expert,28,0.037951,0.951702,-0.913751,-0.010348,1
0,0,expert,29,0.042318,0.929352,-0.887034,-0.028329,1
0,0,expert,30,0.044199,0.967137,-0.922938,0.011335,1
0,0,expert,31,0.027035,0.946777,-0.919742,-0.026187,1
0,0,expert,32,0.003998,0.672372,-0.668374,-0.323629,1
0,0,expert,33,0.000904,0.839720,-0.838816,-0.159377,1
0,0,expert,34,0.010389,0.789150,-0.778762,-0.200461,1
0,0,expert,35,0.009972,0.956330,-0.946358,-0.033698,1
0,0,expert,36,0.018917,0.921992,-0.903074,-0.059091,1
0,0,expert,37,0.032653,0.915863,-0.883210,-0.051484,1
0,0,expert,38,0.010850,0.897270,-0.886420,-0.091880,1
0,0,expert,39,0.025257,0.937742,-0.912485,-0.037001,1
0,0,expert,40,0.020078,0.919655,-0.899577,-0.060268,1
0,0,expert,41,0.027215,0.903924,-0.876710,-0.068861,1
0,0,expert,42,0.011098,0.910205,-0.899107,-0.078696,1
0,0,expert,43,0.011077,0.886263,-0.875187,-0.102660,1
0,0,expert,44,0.031536,0.957928,-0.926392,-0.010536,1
0,0,expert,45,0.005484,0.633658,-0.628174,-0.360858,1
0,0,expert,46,0.001766,0.848773,-0.847007,-0.149460,1
0,0,expert,47,0.014802,0.790178,-0.775376,-0.195021,1
0,0,expert,48,0.013286,0.951499,-0.938213,-0.035214,1
0,0,expert,49,0.023140,0.946818,-0.923678,-0.030042,1
0,0,expert,50,0.040087,0.933818,-0.893731,-0.026095,1
0,0,expert,51,0.016720,0.899587,-0.882868,-0.083693,1
0,0,expert,52,0.030269,0.946344,-0.916075,-0.023387,1
0,0,expert,53,0.030006,0.909938,-0.879932,-0.060056,1
0,0,expert,54,0.031276,0.892999,-0.861723,-0.075725,1
0,0,expert,55,0.018507,0.903706,-0.885199,-0.077787,1
0,0,expert,56,0.015146,0.911456,-0.896309,-0.073398,1
0,0,expert,57,0.034926,0.938582,-0.903656,-0.026492,1
0,0,expert,58,0.058450,0.958131,-0.899682,0.016581,1
0,0,expert,59,0.034678,0.889413,-0.854735,-0.075909,1
0,0,expert,60,0.002554,0.860954,-0.858400,-0.136493,1
0,0,expert,61,0.031111,0.250010,-0.218899,-0.718879,1
0,0,expert,62,0.031111,0.250000,-0.218889,-0.718889,1
0,0,expert,63,0.100356,0.915556,-0.815200,0.015911,1
0,0,expert,64,0.019389,0.951508,-0.932119,-0.029103,1
0,0,expert,65,0.001994,0.980897,-0.978903,-0.017108,1
0,0,expert,66,0.029557,0.868905,-0.839347,-0.101538,1
0,0,expert,67,0.006232,0.913316,-0.907084,-0.080452,1
0,0,expert,68,0.012302,0.967338,-0.955036,-0.020360,1
0,0,expert,69,0.018606,0.937399,-0.918792,-0.043995,1
0,0,expert,70,0.011602,0.901024,-0.889422,-0.087374,1
0,0,expert,71,0.058793,0.578091,-0.519297,-0.363116,1
0,0,expert,72,0.039303,0.861938,-0.822636,-0.098759,1
0,0,expert,73,0.007073,0.967545,-0.960472,-0.025381,1
0,0,expert,74,0.011482,0.957163,-0.945681,-0.031354,1
0,0,expert,75,0.011665,0.950907,-0.939242,-0.037427,1
0,0,expert,76,0.025607,0.948981,-0.923373,-0.025412,1
0,0,expert,77,0.058793,0.578091,-0.519297,-0.363116,1
0,0,expert,78,0.039302,0.861914,-0.822612,-0.098783,1
0,0,expert,79,0.007073,0.967546,-0.960472,-0.025381,1
0,0,expert,80,0.011482,0.957164,-0.945682,-0.031354,1
0,0,expert,81,0.011661,0.950907,-0.939245,-0.037432,1
0,0,expert,82,0.025706,0.949427,-0.923721,-0.024867,1
0,0,expert,83,0.029604,0.818116,-0.788512,-0.152280,1
0,0,expert,84,0.127177,0.893190,-0.766012,0.020367,1
0,1,master,0,0.070610,0.789644,-0.719034,-0.139746,1
0,1,master,1,0.070118,0.787837,-0.717719,-0.142045,1
0,1,master,2,0.068459,0.773861,-0.705402,-0.157680,1
0,1,master,3,0.042720,0.807300,-0.764581,-0.149980,1
0,1,master,4,0.043754,0.800358,-0.756603,-0.155888,1
0,1,master,5,0.038677,0.811161,-0.772483,-0.150162,1
0,1,master,6,0.031260,0.843981,-0.812721,-0.124758,1
0,1,master,7,0.002630,0.985724,-0.983094,-0.011647,1
0,1,master,8,0.061387,0.910031,-0.848645,-0.028582,1
0,1,master,9,0.001437,0.903068,-0.901632,-0.095495,1
0,1,master,10,0.004169,0.996192,-0.992023,0.000360,1
0,1,master,11,0.014554,0.876330,-0.861776,-0.109116,1
0,1,master,12,0.003538,0.963524,-0.959987,-0.032938,1
0,1,master,13,0.009300,0.972461,-0.963161,-0.018239,1
0,1,master,14,0.020241,0.985882,-0.965641,0.006123,1
0,1,master,15,0.039391,0.961677,-0.922285,0.001068,1
0,1,master,16,0.000000,0.947620,-0.947620,-0.052380,1
0,1,master,17,0.003276,0.973833,-0.970557,-0.022891,1
0,1,master,18,0.002692,0.992998,-0.990306,-0.004310,1
0,1,master,19,0.000524,0.998011,-0.997486,-0.001465,1
0,1,master,20,0.001388,0.990084,-0.988696,-0.008527,1
0,1,master,21,0.022783,0.985882,-0.963099,0.008665,1
0,1,master,22,0.002051,0.988999,-0.986948,-0.008950,1
0,1,master,23,0.008576,0.948500,-0.939924,-0.042924,1
0,1,master,24,0.000673,0.963449,-0.962776,-0.035878,1
0,1,master,25,0.046122,0.944713,-0.898591,-0.009165,1
0,1,master,26,0.001139,0.974539,-0.973400,-0.024323,1
0,1,master,27,0.008579,0.976818,-0.968239,-0.014603,1
0,1,master,28,0.039653,0.981418,-0.941765,0.021071,1
0,1,master,29,0.010950,0.990338,-0.979388,0.001288,1
0,1,master,30,0.000020,0.995115,-0.995095,-0.004865,1
0,1,master,31,0.000591,0.990147,-0.989556,-0.009262,1
0,1,master,32,0.035817,0.814567,-0.778750,-0.149617,1
0,1,master,33,0.043732,0.811611,-0.767878,-0.144657,1
0,1,master,34,0.052606,0.906656,-0.854050,-0.040738,1
0,1,master,35,0.063139,0.919488,-0.856349,-0.017373,1
0,1,master,36,0.060373,0.932570,-0.872197,-0.007057,1
0,1,master,37,0.057861,0.928916,-0.871055,-0.013223,1
0,1,master,38,0.046366,0.947434,-0.901068,-0.006200,1
0,1,master,39,0.052617,0.955163,-0.902546,0.007781,1
0,1,master,40,0.040752,0.957386,-0.916634,-0.001862,1
0,1,master,41,0.055332,0.941681,-0.886349,-0.002987,1
0,1,master,42,0.044224,0.951650,-0.907427,-0.004126,1
0,1,master,43,0.039460,0.939842,-0.900382,-0.020698,1
0,1,master,44,0.041586,0.931212,-0.889626,-0.027201,1
0,1,master,45,0.037936,0.820230,-0.782294,-0.141834,1
0,1,master,46,0.040358,0.831840,-0.791482,-0.127802,1
0,1,master,47,0.054771,0.913932,-0.859160,-0.031297,1
0,1,master,48,0.056825,0.916177,-0.859352,-0.026999,1
0,1,master,49,0.056616,0.935889,-0.879273,-0.007495,1
0,1,master,50,0.058757,0.941648,-0.882891,0.000405,1
0,1,master,51,0.044944,0.947696,-0.902752,-0.007361,1
0,1,master,52,0.044931,0.961627,-0.916696,0.006558,1
0,1,master,53,0.035795,0.962998,-0.927203,-0.001208,1
0,1,master,54,0.049672,0.942871,-0.893199,-0.007457,1
0,1,master,55,0.035737,0.959199,-0.923462,-0.005065,1
0,1,master,56,0.032462,0.947187,-0.914725,-0.020351,1
0,1,master,57,0.033722,0.945107,-0.911386,-0.021171,1
0,1,master,58,0.046693,0.979354,-0.932661,0.026047,1
0,1,master,59,0.000486,0.964463,-0.963978,-0.035051,1
0,1,master,60,0.009997,0.929401,-0.919404,-0.060602,1
0,1,master,61,0.002862,0.993442,-0.990580,-0.003696,1
0,1,master,62,0.000000,0.000000,0.000000,-1.000000,1
0,1,master,63,0.002679,0.978974,-0.976294,-0.018347,1
0,1,master,64,0.000505,0.986415,-0.985910,-0.013079,1
0,1,master,65,0.002713,0.955086,-0.952373,-0.042201,1
0,1,master,66,0.001298,0.855032,-0.853734,-0.143670,1
0,1,master,67,0.000123,0.986337,-0.986214,-0.013540,1
0,1,master,68,0.000023,0.948578,-0.948555,-0.051399,1
0,1,master,69,0.000700,0.985715,-0.985015,-0.013585,1
0,1,master,70,0.000052,0.983517,-0.983465,-0.016431,1
0,1,master,71,0.002050,0.762436,-0.760386,-0.235514,1
0,1,master,72,0.000004,0.948468,-0.948465,-0.051528,1
0,1,master,73,0.005320,0.839717,-0.834396,-0.154963,1
0,1,master,74,0.000420,0.923013,-0.922592,-0.076567,1
0,1,master,75,0.000577,0.885087,-0.884510,-0.114336,1
0,1,master,76,0.000423,0.941835,-0.941412,-0.057742,1
0,1,master,77,0.002050,0.762436,-0.760386,-0.235514,1
0,1,master,78,0.000003,0.948379,-0.948375,-0.051618,1
0,1,master,79,0.005320,0.839716,-0.834396,-0.154963,1
0,1,master,80,0.000422,0.922951,-0.922529,-0.076627,1
0,1,master,81,0.000577,0.885088,-0.884511,-0.114334,1
0,1,master,82,0.000423,0.941835,-0.941412,-0.057742,1
0,1,master,83,0.034162,0.617654,-0.583492,-0.348184,1
0,1,master,84,0.000161,0.989154,-0.988993,-0.010684,1
0,1,expert,0,0.032164,0.881065,-0.848901,-0.086771,1
0,1,expert,1,0.031703,0.879701,-0.847998,-0.088595,1
0,1,expert,2,0.028368,0.881741,-0.853373,-0.089890,1
0,1,expert,3,0.054559,0.845223,-0.790664,-0.100218,1
0,1,expert,4,0.053613,0.839737,-0.786124,-0.106650,1
0,1,expert,5,0.064823,0.795631,-0.730808,-0.139546,1
0,1,expert,6,0.048192,0.847293,-0.799100,-0.104515,1
0,1,expert,7,0.012287,0.922537,-0.910251,-0.065176,1
0,1,expert,8,0.098103,0.932600,-0.834497,0.030702,1
0,1,expert,9,0.071244,0.737574,-0.666329,-0.191182,1
0,1,expert,10,0.051873,0.941523,-0.889650,-0.006604,1
0,1,expert,11,0.020596,0.816638,-0.796042,-0.162766,1
0,1,expert,12,0.039312,0.743927,-0.704615,-0.216760,1
0,1,expert,13,0.009495,0.925747,-0.916252,-0.064757,1
0,1,expert,14,0.026229,0.961555,-0.935326,-0.012216,1
0,1,expert,15,0.013803,0.962479,-0.948676,-0.023718,1
0,1,expert,16,0.136664,0.925061,-0.788396,0.061725,1
0,1,expert,17,0.079858,0.907858,-0.828000,-0.012284,1
0,1,expert,18,0.051128,0.957678,-0.906549,0.008806,1
0,1,expert,19,0.068261,0.960900,-0.892638,0.029161,1
0,1,expert,20,0.063655,0.934203,-0.870549,-0.002142,1
0,1,expert,21,0.025927,0.975461,-0.949534,0.001388,1
0,1,expert,22,0.018473,0.967613,-0.949140,-0.013914,1
0,1,expert,23,0.008035,0.934357,-0.926322,-0.057607,1
0,1,expert,24,0.103482,0.887445,-0.783963,-0.009073,1
0,1,expert,25,0.040455,0.950967,-0.910512,-0.008578,1
0,1,expert,26,0.034423,0.935779,-0.901356,-0.029798,1
0,1,expert,27,0.027736,0.961804,-0.934068,-0.010460,1
0,1,expert,28,0.043132,0.940393,-0.897261,-0.016476,1
0,1,expert,29,0.114160,0.924502,-0.810342,0.038662,1
0,1,expert,30,0.071482,0.936861,-0.865379,0.008344,1
0,1,expert,31,0.025121,0.969121,-0.944000,-0.005757,1
0,1,expert,32,0.003317,0.883585,-0.880268,-0.113097,1
0,1,expert,33,0.017732,0.855860,-0.838128,-0.126409,1
0,1,expert,34,0.017676,0.881179,-0.863503,-0.101145,1
0,1,expert,35,0.019870,0.974009,-0.954139,-0.006121,1
0,1,expert,36,0.026770,0.922380,-0.895610,-0.050850,1
0,1,expert,37,0.017901,0.943471,-0.925570,-0.038629,1
0,1,expert,38,0.024513,0.941451,-0.916937,-0.034036,1
0,1,expert,39,0.022199,0.910719,-0.888520,-0.067081,1
0,1,expert,40,0.030467,0.946190,-0.915723,-0.023342,1
0,1,expert,41,0.027824,0.970407,-0.942584,-0.001769,1
0,1,expert,42,0.041321,0.951014,-0.909693,-0.007665,1
0,1,expert,43,0.023835,0.987757,-0.963921,0.011592,1
0,1,expert,44,0.038706,0.954138,-0.915432,-0.007155,1
0,1,expert,45,0.011296,0.873943,-0.862647,-0.114762,1
0,1,expert,46,0.025725,0.871625,-0.845900,-0.102650,1
0,1,expert,47,0.022127,0.880727,-0.858600,-0.097146,1
0,1,expert,48,0.033856,0.940478,-0.906622,-0.025666,1
0,1,expert,49,0.034567,0.914485,-0.879918,-0.050948,1
0,1,expert,50,0.033700,0.943036,-0.909336,-0.023264,1
0,1,expert,51,0.045252,0.935272,-0.890020,-0.019477,1
0,1,expert,52,0.042877,0.922875,-0.879998,-0.034248,1
0,1,expert,53,0.039482,0.938683,-0.899201,-0.021836,1
0,1,expert,54,0.032432,0.968840,-0.936407,0.001272,1
0,1,expert,55,0.056652,0.961735,-0.905084,0.018387,1
0,1,expert,56,0.024815,0.982483,-0.957668,0.007298,1
0,1,expert,57,0.049105,0.956244,-0.907139,0.005350,1
0,1,expert,58,0.090215,0.920783,-0.830569,0.010998,1
0,1,expert,59,0.050919,0.952128,-0.901209,0.003047,1
0,1,expert,60,0.004931,0.874559,-0.869628,-0.120510,1
0,1,expert,61,0.010577,0.970513,-0.959936,-0.018910,1
0,1,expert,62,0.000000,0.000000,0.000000,-1.000000,1
0,1,expert,63,0.024296,0.885076,-0.860780,-0.090628,1
0,1,expert,64,0.052115,0.957373,-0.905258,0.009488,1
0,1,expert,65,0.002719,0.943177,-0.940458,-0.054105,1
0,1,expert,66,0.016410,0.621150,-0.604740,-0.362440,1
0,1,expert,67,0.018991,0.937369,-0.918378,-0.043640,1
0,1,expert,68,0.008555,0.937082,-0.928528,-0.054363,1
0,1,expert,69,0.010397,0.857869,-0.847472,-0.131734,1
0,1,expert,70,0.009342,0.966064,-0.956722,-0.024594,1
0,1,expert,71,0.033080,0.549373,-0.516293,-0.417547,1
0,1,expert,72,0.051823,0.694623,-0.642799,-0.253554,1
0,1,expert,73,0.031743,0.843824,-0.812081,-0.124433,1
0,1,expert,74,0.019708,0.869343,-0.849635,-0.110949,1
0,1,expert,75,0.005019,0.691578,-0.686559,-0.303403,1
0,1,expert,76,0.009980,0.774068,-0.764088,-0.215952,1
0,1,expert,77,0.033080,0.549373,-0.516293,-0.417547,1
0,1,expert,78,0.051805,0.694448,-0.642643,-0.253746,1
0,1,expert,79,0.031744,0.843820,-0.812075,-0.124436,1
0,1,expert,80,0.019713,0.869281,-0.849569,-0.111006,1
0,1,expert,81,0.005019,0.691581,-0.686562,-0.303401,1
0,1,expert,82,0.009980,0.774071,-0.764091,-0.215949,1
0,1,expert,83,0.029604,0.818116,-0.788512,-0.152280,1
0,1,expert,84,0.127177,0.893190,-0.766012,0.020367,1
0,2,master,0,0.052158,0.797188,-0.745030,-0.150654,1
0,2,master,1,0.050573,0.802496,-0.751923,-0.146931,1
0,2,master,2,0.051826,0.777921,-0.726095,-0.170253,1
0,2,master,3,0.051956,0.734146,-0.682191,-0.213898,1
0,2,master,4,0.051954,0.721827,-0.669873,-0.226220,1
0,2,master,5,0.047125,0.749668,-0.702543,-0.203207,1
0,2,master,6,0.039328,0.761382,-0.722053,-0.199290,1
0,2,master,7,0.003200,0.971632,-0.968432,-0.025167,1
0,2,master,8,0.105522,0.888694,-0.783172,-0.005784,1
0,2,master,9,0.001365,0.968265,-0.966901,-0.030370,1
0,2,master,10,0.015642,0.963529,-0.947888,-0.020829,1
0,2,master,11,0.030280,0.860045,-0.829765,-0.109675,1
0,2,master,12,0.000134,0.963536,-0.963402,-0.036330,1
0,2,master,13,0.000058,0.987925,-0.987868,-0.012017,1
0,2,master,14,0.000287,0.977314,-0.977028,-0.022399,1
0,2,master,15,0.000628,0.946089,-0.945461,-0.053284,1
0,2,master,16,0.053565,0.899478,-0.845914,-0.046957,1
0,2,master,17,0.007820,0.853633,-0.845814,-0.138547,1
0,2,master,18,0.004112,0.943235,-0.939123,-0.052653,1
0,2,master,19,0.005171,0.976090,-0.970919,-0.018740,1
0,2,master,20,0.005260,0.977641,-0.972381,-0.017100,1
0,2,master,21,0.014931,0.977794,-0.962864,-0.007275,1
0,2,master,22,0.009831,0.970644,-0.960814,-0.019525,1
0,2,master,23,0.012769,0.968209,-0.955439,-0.019022,1
0,2,master,24,0.000227,0.993567,-0.993340,-0.006207,1
0,2,master,25,0.019461,0.981482,-0.962021,0.000943,1
0,2,master,26,0.023403,0.990106,-0.966703,0.013510,1
0,2,master,27,0.001256,0.994493,-0.993237,-0.004251,1
0,2,master,28,0.017779,0.962053,-0.944275,-0.020168,1
0,2,master,29,0.004052,0.992741,-0.988690,-0.003207,1
0,2,master,30,0.001775,0.995753,-0.993977,-0.002472,1
0,2,master,31,0.006096,0.974405,-0.968310,-0.019499,1
0,2,master,32,0.024800,0.913368,-0.888569,-0.061832,1
0,2,master,33,0.026114,0.876065,-0.849950,-0.097821,1
0,2,master,34,0.042912,0.942359,-0.899447,-0.014729,1
0,2,master,35,0.025826,0.924244,-0.898417,-0.049930,1
0,2,master,36,0.028559,0.918667,-0.890109,-0.052774,1
0,2,master,37,0.030094,0.926533,-0.896439,-0.043372,1
0,2,master,38,0.025697,0.940503,-0.914806,-0.033801,1
0,2,master,39,0.020699,0.939137,-0.918438,-0.040165,1
0,2,master,40,0.014727,0.934058,-0.919330,-0.051215,1
0,2,master,41,0.047227,0.892178,-0.844951,-0.060595,1
0,2,master,42,0.028968,0.934934,-0.905966,-0.036098,1
0,2,master,43,0.030998,0.942167,-0.911169,-0.026835,1
0,2,master,44,0.016704,0.943838,-0.927134,-0.039458,1
0,2,master,45,0.020809,0.965246,-0.944437,-0.013946,1
0,2,master,46,0.021018,0.915777,-0.894759,-0.063205,1
0,2,master,47,0.038927,0.959214,-0.920287,-0.001859,1
0,2,master,48,0.013514,0.954005,-0.940491,-0.032481,1
0,2,master,49,0.024629,0.928293,-0.903664,-0.047078,1
0,2,master,50,0.024869,0.935165,-0.910296,-0.039965,1
0,2,master,51,0.021906,0.945043,-0.923137,-0.033051,1
0,2,master,52,0.018493,0.946202,-0.927709,-0.035305,1
0,2,master,53,0.010822,0.942116,-0.931294,-0.047062,1
0,2,master,54,0.039030,0.899286,-0.860256,-0.061684,1
0,2,master,55,0.023994,0.927746,-0.903751,-0.048260,1
0,2,master,56,0.027647,0.944658,-0.917012,-0.027695,1
0,2,master,57,0.015839,0.952658,-0.936819,-0.031503,1
0,2,master,58,0.032425,0.964140,-0.931714,-0.003435,1
0,2,master,59,0.002740,0.980472,-0.977732,-0.016787,1
0,2,master,60,0.005270,0.951332,-0.946062,-0.043398,1
0,2,master,61,0.001919,0.500028,-0.498109,-0.498053,1
0,2,master,62,0.001919,0.500063,-0.498144,-0.498018,1
0,2,master,63,0.007573,0.947958,-0.940386,-0.044469,1
0,2,master,64,0.000793,0.984587,-0.983794,-0.014620,1
0,2,master,65,0.000614,0.965956,-0.965342,-0.033430,1
0,2,master,66,0.000016,0.917945,-0.917929,-0.082038,1
0,2,master,67,0.001423,0.798343,-0.796920,-0.200234,1
0,2,master,68,0.000020,0.998176,-0.998156,-0.001804,1
0,2,master,69,0.000823,0.946330,-0.945507,-0.052847,1
0,2,master,70,0.000016,0.884980,-0.884964,-0.115005,1
0,2,master,71,0.004372,0.889031,-0.884659,-0.106597,1
0,2,master,72,0.002632,0.900090,-0.897458,-0.097278,1
0,2,master,73,0.001346,0.860731,-0.859385,-0.137922,1
0,2,master,74,0.002848,0.820067,-0.817219,-0.177085,1
0,2,master,75,0.001820,0.864790,-0.862970,-0.133390,1
0,2,master,76,0.000586,0.990966,-0.990380,-0.008448,1
0,2,master,77,0.004372,0.889031,-0.884659,-0.106597,1
0,2,master,78,0.002632,0.900090,-0.897458,-0.097278,1
0,2,master,79,0.001345,0.860803,-0.859457,-0.137852,1
0,2,master,80,0.002848,0.820066,-0.817218,-0.177086,1
0,2,master,81,0.001820,0.864791,-0.862971,-0.133389,1
0,2,master,82,0.000593,0.990918,-0.990324,-0.008489,1
0,2,master,83,0.034162,0.617654,-0.583492,-0.348184,1
0,2,master,84,0.000161,0.989154,-0.988993,-0.010684,1
0,2,expert,0,0.009724,0.852378,-0.842654,-0.137898,1
0,2,expert,1,0.009381,0.853965,-0.844584,-0.136654,1
0,2,expert,2,0.012063,0.849833,-0.837770,-0.138104,1
0,2,expert,3,0.023841,0.857782,-0.833940,-0.118377,1
0,2,expert,4,0.022040,0.853194,-0.831154,-0.124767,1
0,2,expert,5,0.028975,0.863971,-0.834996,-0.107054,1
0,2,expert,6,0.024893,0.854962,-0.830069,-0.120145,1
0,2,expert,7,0.018178,0.911570,-0.893392,-0.070252,1
0,2,expert,8,0.050093,0.947393,-0.897299,-0.002514,1
0,2,expert,9,0.024177,0.853637,-0.829460,-0.122186,1
0,2,expert,10,0.089127,0.942548,-0.853421,0.031675,1
0,2,expert,11,0.010876,0.912268,-0.901392,-0.076856,1
0,2,expert,12,0.019634,0.728475,-0.708841,-0.251890,1
0,2,expert,13,0.037196,0.975639,-0.938443,0.012834,1
0,2,expert,14,0.043865,0.972665,-0.928801,0.016530,1
0,2,expert,15,0.032478,0.949534,-0.917056,-0.017988,1
0,2,expert,16,0.088006,0.883999,-0.795993,-0.027995,1
0,2,expert,17,0.087183,0.692801,-0.605618,-0.220017,1
0,2,expert,18,0.061810,0.763327,-0.701516,-0.174863,1
0,2,expert,19,0.065809,0.940829,-0.875021,0.006638,1
0,2,expert,20,0.058481,0.930250,-0.871769,-0.011269,1
0,2,expert,21,0.015233,0.956695,-0.941461,-0.028072,1
0,2,expert,22,0.022286,0.923262,-0.900977,-0.054452,1
0,2,expert,23,0.002383,0.987043,-0.984660,-0.010574,1
0,2,expert,24,0.045381,0.967694,-0.922313,0.013075,1
0,2,expert,25,0.002791,0.988483,-0.985693,-0.008726,1
0,2,expert,26,0.070121,0.929024,-0.858903,-0.000854,1
0,2,expert,27,0.016444,0.958264,-0.941821,-0.025292,1
0,2,expert,28,0.053715,0.963141,-0.909426,0.016856,1
0,2,expert,29,0.057988,0.943762,-0.885774,0.001750,1
0,2,expert,30,0.011585,0.982238,-0.970652,-0.006177,1
0,2,expert,31,0.016405,0.967485,-0.951080,-0.016110,1
0,2,expert,32,0.003857,0.962163,-0.958306,-0.033981,1
0,2,expert,33,0.003911,0.925425,-0.921514,-0.070664,1
0,2,expert,34,0.008650,0.905081,-0.896432,-0.086269,1
0,2,expert,35,0.006621,0.932719,-0.926098,-0.060660,1
0,2,expert,36,0.005712,0.946131,-0.940419,-0.048157,1
0,2,expert,37,0.002337,0.934043,-0.931706,-0.063619,1
0,2,expert,38,0.013018,0.989550,-0.976532,0.002568,1
0,2,expert,39,0.009618,0.962731,-0.953113,-0.027650,1
0,2,expert,40,0.021358,0.981775,-0.960416,0.003133,1
0,2,expert,41,0.010475,0.982958,-0.972483,-0.006568,1
0,2,expert,42,0.009026,0.986746,-0.977720,-0.004227,1
0,2,expert,43,0.007318,0.973166,-0.965848,-0.019517,1
0,2,expert,44,0.016483,0.971230,-0.954747,-0.012286,1
0,2,expert,45,0.004828,0.973691,-0.968864,-0.021481,1
0,2,expert,46,0.007536,0.925740,-0.918204,-0.066725,1
0,2,expert,47,0.013885,0.917317,-0.903432,-0.068799,1
0,2,expert,48,0.008629,0.966655,-0.958026,-0.024716,1
0,2,expert,49,0.007742,0.963486,-0.955744,-0.028772,1
0,2,expert,50,0.003060,0.961368,-0.958308,-0.035572,1
0,2,expert,51,0.017567,0.982405,-0.964838,-0.000028,1
0,2,expert,52,0.014688,0.953919,-0.939232,-0.031393,1
0,2,expert,53,0.032660,0.963194,-0.930535,-0.004146,1
0,2,expert,54,0.017657,0.963304,-0.945647,-0.019039,1
0,2,expert,55,0.008746,0.988864,-0.980118,-0.002390,1
0,2,expert,56,0.011376,0.992892,-0.981517,0.004268,1
0,2,expert,57,0.020064,0.952217,-0.932153,-0.027719,1
0,2,expert,58,0.013858,0.992384,-0.978526,0.006242,1
0,2,expert,59,0.016661,0.954336,-0.937675,-0.029002,1
0,2,expert,60,0.018424,0.948884,-0.930460,-0.032692,1
0,2,expert,61,0.015508,0.250016,-0.234508,-0.734476,1
0,2,expert,62,0.015508,0.250000,-0.234492,-0.734492,1
0,2,expert,63,0.045208,0.931178,-0.885970,-0.023613,1
0,2,expert,64,0.039864,0.965829,-0.925965,0.005692,1
0,2,expert,65,0.002944,0.957223,-0.954279,-0.039833,1
0,2,expert,66,0.017346,0.849928,-0.832582,-0.132727,1
0,2,expert,67,0.011153,0.583658,-0.572505,-0.405188,1
0,2,expert,68,0.004698,0.944044,-0.939346,-0.051258,1
0,2,expert,69,0.014451,0.959275,-0.944824,-0.026274,1
0,2,expert,70,0.013801,0.788461,-0.774660,-0.197738,1
0,2,expert,71,0.049037,0.670288,-0.621251,-0.280675,1
0,2,expert,72,0.036897,0.698500,-0.661603,-0.264603,1
0,2,expert,73,0.014336,0.827193,-0.812858,-0.158471,1
0,2,expert,74,0.009251,0.871855,-0.862604,-0.118894,1
0,2,expert,75,0.009003,0.871120,-0.862117,-0.119877,1
0,2,expert,76,0.011167,0.845760,-0.834592,-0.143073,1
0,2,expert,77,0.049037,0.670288,-0.621251,-0.280675,1
0,2,expert,78,0.036897,0.698500,-0.661603,-0.264603,1
0,2,expert,79,0.014343,0.827053,-0.812710,-0.158605,1
0,2,expert,80,0.009251,0.871855,-0.862603,-0.118894,1
0,2,expert,81,0.009003,0.871120,-0.862117,-0.119877,1
0,2,expert,82,0.011151,0.845963,-0.834812,-0.142885,1
0,2,expert,83,0.029604,0.818116,-0.788512,-0.152280,1
0,2,expert,84,0.127177,0.893190,-0.766012,0.020367,1
1,0,master,0,0.052733,0.861679,-0.808946,-0.085589,1
1,0,master,1,0.052217,0.865949,-0.813732,-0.081834,1
1,0,master,2,0.050034,0.850030,-0.799996,-0.099936,1
1,0,master,3,0.079488,0.781682,-0.702194,-0.138829,1
1,0,master,4,0.080870,0.763586,-0.682716,-0.155543,1
1,0,master,5,0.062654,0.800817,-0.738163,-0.136529,1
1,0,master,6,0.082599,0.775656,-0.693057,-0.141745,1
1,0,master,7,0.005057,0.993209,-0.988152,-0.001733,1
1,0,master,8,0.055912,0.945494,-0.889582,0.001406,1
1,0,master,9,0.005303,0.925915,-0.920612,-0.068782,1
1,0,master,10,0.010935,0.992950,-0.982015,0.003885,1
1,0,master,11,0.045909,0.826433,-0.780524,-0.127658,1
1,0,master,12,0.000009,0.925008,-0.924999,-0.074982,1
1,0,master,13,0.005383,0.984999,-0.979616,-0.009618,1
1,0,master,14,0.012840,0.984568,-0.971727,-0.002592,1
1,0,master,15,0.003055,0.942611,-0.939556,-0.054334,1
1,0,master,16,0.095604,0.886007,-0.790403,-0.018389,1
1,0,master,17,0.049803,0.742416,-0.692613,-0.207782,1
1,0,master,18,0.048739,0.823722,-0.774983,-0.127539,1
1,0,master,19,0.000214,0.998446,-0.998232,-0.001339,1
1,0,master,20,0.058749,0.950805,-0.892057,0.009554,1
1,0,master,21,0.076430,0.958590,-0.882160,0.035019,1
1,0,master,22,0.087970,0.953578,-0.865608,0.041548,1
1,0,master,23,0.014240,0.958100,-0.943861,-0.027660,1
1,0,master,24,0.001653,0.991700,-0.990048,-0.006647,1
1,0,master,25,0.030026,0.979693,-0.949668,0.009719,1
1,0,master,26,0.008322,0.990087,-0.981764,-0.001591,1
1,0,master,27,0.011074,0.976552,-0.965478,-0.012375,1
1,0,master,28,0.038315,0.958775,-0.920459,-0.002910,1
1,0,master,29,0.003071,0.971683,-0.968611,-0.025246,1
1,0,master,30,0.000408,0.983570,-0.983162,-0.016022,1
1,0,master,31,0.007868,0.995457,-0.987588,0.003325,1
1,0,master,32,0.019662,0.867417,-0.847755,-0.112921,1
1,0,master,33,0.022801,0.913786,-0.890986,-0.063413,1
1,0,master,34,0.033790,0.882497,-0.848707,-0.083713,1
1,0,master,35,0.060723,0.945401,-0.884678,0.006125,1
1,0,master,36,0.063248,0.928314,-0.865066,-0.008438,1
1,0,master,37,0.038220,0.943427,-0.905207,-0.018353,1
1,0,master,38,0.058434,0.949192,-0.890758,0.007625,1
1,0,master,39,0.056828,0.938162,-0.881334,-0.005010,1
1,0,master,40,0.035413,0.942270,-0.906857,-0.022317,1
1,0,master,41,0.040227,0.939246,-0.899019,-0.020527,1
1,0,master,42,0.049672,0.918949,-0.869278,-0.031379,1
1,0,master,43,0.060729,0.937040,-0.876311,-0.002231,1
1,0,master,44,0.037859,0.940352,-0.902493,-0.021789,1
1,0,master,45,0.019408,0.821893,-0.802485,-0.158699,1
1,0,master,46,0.021756,0.915143,-0.893386,-0.063101,1
1,0,master,47,0.037086,0.877366,-0.840280,-0.085548,1
1,0,master,48,0.067136,0.934746,-0.867609,0.001882,1
1,0,master,49,0.066319,0.935767,-0.869448,0.002087,1
1,0,master,50,0.035320,0.955519,-0.920198,-0.009161,1
1,0,master,51,0.054220,0.943539,-0.889320,-0.002241,1
1,0,master,52,0.050053,0.937251,-0.887198,-0.012697,1
1,0,master,53,0.035896,0.944060,-0.908164,-0.020044,1
1,0,master,54,0.042555,0.933925,-0.891370,-0.023520,1
1,0,master,55,0.045125,0.924594,-0.879469,-0.030280,1
1,0,master,56,0.065115,0.942149,-0.877033,0.007264,1
1,0,master,57,0.037287,0.943535,-0.906249,-0.019178,1
1,0,master,58,0.105500,0.939939,-0.834439,0.045439,1
1,0,master,59,0.018433,0.964602,-0.946169,-0.016966,1
1,0,master,60,0.005116,0.972751,-0.967635,-0.022132,1
1,0,master,61,0.005745,0.500000,-0.494255,-0.494255,1
1,0,master,62,0.005745,0.500000,-0.494255,-0.494255,1
1,0,master,63,0.002522,0.968852,-0.966330,-0.028626,1
1,0,master,64,0.038694,0.940599,-0.901904,-0.020707,1
1,0,master,65,0.001704,0.958907,-0.957203,-0.039389,1
1,0,master,66,0.001583,0.970811,-0.969228,-0.027605,1
1,0,master,67,0.001563,0.915033,-0.913470,-0.083404,1
1,0,master,68,0.000006,0.987587,-0.987581,-0.012406,1
1,0,master,69,0.000532,0.854079,-0.853547,-0.145390,1
1,0,master,70,0.004014,0.960076,-0.956062,-0.035910,1
1,0,master,71,0.015847,0.716577,-0.700731,-0.267576,1
1,0,master,72,0.000373,0.959476,-0.959102,-0.040151,1
1,0,master,73,0.032634,0.856417,-0.823783,-0.110949,1
1,0,master,74,0.033077,0.867889,-0.834813,-0.099034,1
1,0,master,75,0.025809,0.936727,-0.910917,-0.037464,1
1,0,master,76,0.005614,0.989996,-0.984383,-0.004390,1
1,0,master,77,0.015847,0.716577,-0.700731,-0.267576,1
1,0,master,78,0.000373,0.959467,-0.959094,-0.040160,1
1,0,master,79,0.032633,0.856418,-0.823785,-0.110950,1
1,0,master,80,0.033076,0.867889,-0.834813,-0.099034,1
1,0,master,81,0.025818,0.936668,-0.910850,-0.037514,1
1,0,master,82,0.005630,0.989617,-0.983987,-0.004753,1
1,0,master,83,0.037901,0.624957,-0.587056,-0.337143,1
1,0,master,84,0.001266,0.985123,-0.983857,-0.013611,1
1,0,expert,0,0.028272,0.854197,-0.825925,-0.117532,1
1,0,expert,1,0.027353,0.858405,-0.831052,-0.114242,1
1,0,expert,2,0.029033,0.844463,-0.815431,-0.126504,1
1,0,expert,3,0.048406,0.795042,-0.746635,-0.156552,1
1,0,expert,4,0.048037,0.796456,-0.748419,-0.155506,1
1,0,expert,5,0.047940,0.737443,-0.689503,-0.214616,1
1,0,expert,6,0.043803,0.830290,-0.786486,-0.125907,1
1,0,expert,7,0.033356,0.946109,-0.912753,-0.020535,1
1,0,expert,8,0.092302,0.924721,-0.832419,0.017024,1
1,0,expert,9,0.039421,0.879030,-0.839609,-0.081549,1
1,0,expert,10,0.057371,0.929997,-0.872625,-0.012632,1
1,0,expert,11,0.032932,0.824322,-0.791390,-0.142746,1
1,0,expert,12,0.013284,0.842081,-0.828797,-0.144634,1
1,0,expert,13,0.027216,0.941021,-0.913804,-0.031763,1
1,0,expert,14,0.034283,0.944932,-0.910648,-0.020785,1
1,0,expert,15,0.020050,0.851881,-0.831831,-0.128069,1
1,0,expert,16,0.151353,0.901254,-0.749900,0.052607,1
1,0,expert,17,0.107980,0.722982,-0.615002,-0.169038,1
1,0,expert,18,0.104753,0.790457,-0.685705,-0.104790,1
1,0,expert,19,0.047090,0.905608,-0.858518,-0.047301,1
1,0,expert,20,0.091995,0.897490,-0.805494,-0.010515,1
1,0,expert,21,0.008544,0.983199,-0.974655,-0.008258,1
1,0,expert,22,0.023227,0.973781,-0.950553,-0.002992,1
1,0,expert,23,0.002276,0.949740,-0.947465,-0.047984,1
1,0,expert,24,0.061801,0.949335,-0.887534,0.011135,1
1,0,expert,25,0.019206,0.963858,-0.944652,-0.016936,1
1,0,expert,26,0.049481,0.955046,-0.905565,0.004527,1
1,0,expert,27,0.030564,0.963646,-0.933082,-0.005789,1
1,0,expert,28,0.058531,0.950148,-0.891617,0.008679,1
1,0,expert,29,0.056903,0.911182,-0.854279,-0.031916,1
1,0,expert,30,0.038958,0.951980,-0.913022,-0.009062,1
1,0,expert,31,0.034113,0.950084,-0.915971,-0.015803,1
1,0,expert,32,0.002235,0.708736,-0.706502,-0.289029,1
1,0,expert,33,0.004448,0.921951,-0.917503,-0.073601,1
1,0,expert,34,0.016872,0.796996,-0.780123,-0.186132,1
1,0,expert,35,0.023099,0.966104,-0.943004,-0.010797,1
1,0,expert,36,0.022923,0.959633,-0.936710,-0.017444,1
1,0,expert,37,0.039617,0.921786,-0.882169,-0.038597,1
1,0,expert,38,0.009121,0.918807,-0.909685,-0.072072,1
1,0,expert,39,0.026620,0.965461,-0.938841,-0.007919,1
1,0,expert,40,0.031502,0.902928,-0.871426,-0.065570,1
1,0,expert,41,0.033109,0.899012,-0.865903,-0.067879,1
1,0,expert,42,0.015376,0.899810,-0.884434,-0.084813,1
1,0,expert,43,0.019252,0.910683,-0.891431,-0.070065,1
1,0,expert,44,0.043623,0.944711,-0.901088,-0.011666,1
1,0,expert,45,0.003698,0.671224,-0.667526,-0.325078,1
1,0,expert,46,0.004308,0.906569,-0.902261,-0.089123,1
1,0,expert,47,0.024019,0.790954,-0.766935,-0.185027,1
1,0,expert,48,0.024313,0.957501,-0.933188,-0.018187,1
1,0,expert,49,0.030612,0.967647,-0.937035,-0.001740,1
1,0,expert,50,0.041471,0.919906,-0.878435,-0.038622,1
1,0,expert,51,0.013247,0.909639,-0.896392,-0.077114,1
1,0,expert,52,0.030090,0.961501,-0.931411,-0.008408,1
1,0,expert,53,0.034316,0.896197,-0.861881,-0.069487,1
1,0,expert,54,0.038469,0.882953,-0.844484,-0.078578,1
1,0,expert,55,0.021187,0.893202,-0.872016,-0.085611,1
1,0,expert,56,0.023961,0.924340,-0.900378,-0.051699,1
1,0,expert,57,0.046546,0.909506,-0.862961,-0.043948,1
1,0,expert,58,0.091489,0.930545,-0.839056,0.022034,1
1,0,expert,59,0.034691,0.940488,-0.905796,-0.024821,1
1,0,expert,60,0.000886,0.900209,-0.899323,-0.098905,1
1,0,expert,61,0.018692,0.497033,-0.478341,-0.484275,1
1,0,expert,62,0.018692,0.497033,-0.478341,-0.484274,1
1,0,expert,63,0.079324,0.930742,-0.851417,0.010066,1
1,0,expert,64,0.018559,0.963028,-0.944469,-0.018413,1
1,0,expert,65,0.000769,0.981150,-0.980381,-0.018080,1
1,0,expert,66,0.019198,0.854713,-0.835515,-0.126090,1
1,0,expert,67,0.002226,0.895248,-0.893022,-0.102526,1
1,0,expert,68,0.008032,0.935655,-0.927622,-0.056313,1
1,0,expert,69,0.032596,0.887928,-0.855331,-0.079476,1
1,0,expert,70,0.005786,0.908530,-0.902744,-0.085683,1
1,0,expert,71,0.056379,0.620134,-0.563755,-0.323487,1
1,0,expert,72,0.035921,0.794437,-0.758517,-0.169642,1
1,0,expert,73,0.002118,0.962638,-0.960519,-0.035244,1
1,0,expert,74,0.009025,0.932202,-0.923177,-0.058774,1
1,0,expert,75,0.013904,0.912835,-0.898932,-0.073261,1
1,0,expert,76,0.032974,0.909998,-0.877024,-0.057028,1
1,0,expert,77,0.056379,0.620134,-0.563755,-0.323487,1
1,0,expert,78,0.035921,0.794425,-0.758504,-0.169654,1
1,0,expert,79,0.002118,0.962641,-0.960523,-0.035242,1
1,0,expert,80,0.009024,0.932203,-0.923179,-0.058772,1
1,0,expert,81,0.013901,0.912843,-0.898942,-0.073256,1
1,0,expert,82,0.032904,0.910171,-0.877267,-0.056925,1
1,0,expert,83,0.020583,0.777348,-0.756765,-0.202069,1
1,0,expert,84,0.158602,0.841563,-0.682962,0.000165,1
1,1,master,0,0.055759,0.843361,-0.787602,-0.100880,1
1,1,master,1,0.055608,0.840377,-0.784769,-0.104014,1
1,1,master,2,0.053495,0.842417,-0.788922,-0.104088,1
1,1,master,3,0.015257,0.992288,-0.977031,0.007546,1
1,1,master,4,0.014391,0.990349,-0.975958,0.004739,1
1,1,master,5,0.009433,0.934710,-0.925277,-0.055857,1
1,1,master,6,0.011869,0.994551,-0.982682,0.006419,1
1,1,master,7,0.008308,0.977985,-0.969677,-0.013708,1
1,1,master,8,0.052838,0.908411,-0.855572,-0.038751,1
1,1,master,9,0.004941,0.857875,-0.852934,-0.137184,1
1,1,master,10,0.003105,0.994886,-0.991781,-0.002010,1
1,1,master,11,0.012431,0.869608,-0.857177,-0.117960,1
1,1,master,12,0.003429,0.955477,-0.952048,-0.041094,1
1,1,master,13,0.007964,0.995560,-0.987596,0.003524,1
1,1,master,14,0.015005,0.980910,-0.965905,-0.004085,1
1,1,master,15,0.020588,0.989224,-0.968636,0.009812,1
1,1,master,16,0.000044,0.947670,-0.947626,-0.052286,1
1,1,master,17,0.000726,0.966765,-0.966039,-0.032510,1
1,1,master,18,0.001241,0.988485,-0.987244,-0.010274,1
1,1,master,19,0.003946,0.987832,-0.983885,-0.008222,1
1,1,master,20,0.003027,0.987648,-0.984621,-0.009325,1
1,1,master,21,0.028322,0.984257,-0.955935,0.012578,1
1,1,master,22,0.000648,0.987279,-0.986631,-0.012073,1
1,1,master,23,0.005653,0.957528,-0.951874,-0.036819,1
1,1,master,24,0.002619,0.966441,-0.963822,-0.030940,1
1,1,master,25,0.036714,0.940071,-0.903357,-0.023214,1
1,1,master,26,0.001636,0.979040,-0.977404,-0.019324,1
1,1,master,27,0.006656,0.974451,-0.967795,-0.018893,1
1,1,master,28,0.041633,0.973929,-0.932297,0.015562,1
1,1,master,29,0.004562,0.995157,-0.990595,-0.000281,1
1,1,master,30,0.000242,0.995466,-0.995224,-0.004292,1
1,1,master,31,0.000014,0.991425,-0.991411,-0.008560,1
1,1,master,32,0.024892,0.887916,-0.863024,-0.087192,1
1,1,master,33,0.031686,0.833132,-0.801446,-0.135182,1
1,1,master,34,0.057482,0.896839,-0.839357,-0.045678,1
1,1,master,35,0.043053,0.945334,-0.902281,-0.011612,1
1,1,master,36,0.060748,0.927949,-0.867201,-0.011303,1
1,1,master,37,0.045823,0.949678,-0.903855,-0.004498,1
1,1,master,38,0.042937,0.943928,-0.900991,-0.013135,1
1,1,master,39,0.045302,0.957706,-0.912404,0.003007,1
1,1,master,40,0.041488,0.962129,-0.920641,0.003618,1
1,1,master,41,0.060512,0.943698,-0.883186,0.004210,1
1,1,master,42,0.035534,0.947829,-0.912295,-0.016637,1
1,1,master,43,0.033258,0.947793,-0.914535,-0.018949,1
1,1,master,44,0.037295,0.950100,-0.912805,-0.012604,1
1,1,master,45,0.028894,0.869423,-0.840529,-0.101683,1
1,1,master,46,0.029518,0.841621,-0.812102,-0.128861,1
1,1,master,47,0.057453,0.903854,-0.846401,-0.038693,1
1,1,master,48,0.040698,0.937585,-0.896887,-0.021717,1
1,1,master,49,0.056401,0.931503,-0.875102,-0.012095,1
1,1,master,50,0.047846,0.950620,-0.902774,-0.001535,1
1,1,master,51,0.041507,0.940234,-0.898727,-0.018259,1
1,1,master,52,0.038616,0.960259,-0.921643,-0.001126,1
1,1,master,53,0.036847,0.967998,-0.931151,0.004846,1
1,1,master,54,0.056680,0.944001,-0.887320,0.000681,1
1,1,master,55,0.031637,0.953740,-0.922103,-0.014624,1
1,1,master,56,0.028983,0.951491,-0.922508,-0.019526,1
1,1,master,57,0.031182,0.960342,-0.929160,-0.008476,1
1,1,master,58,0.044078,0.977993,-0.933915,0.022071,1
1,1,master,59,0.000638,0.954095,-0.953457,-0.045267,1
1,1,master,60,0.008001,0.941322,-0.933322,-0.050677,1
1,1,master,61,0.001911,0.500000,-0.498089,-0.498089,1
1,1,master,62,0.001911,0.500040,-0.498129,-0.498049,1
1,1,master,63,0.002069,0.978364,-0.976295,-0.019567,1
1,1,master,64,0.000708,0.994263,-0.993556,-0.005029,1
1,1,master,65,0.000148,0.930211,-0.930063,-0.069641,1
1,1,master,66,0.002836,0.838854,-0.836018,-0.158310,1
1,1,master,67,0.001000,0.946339,-0.945339,-0.052662,1
1,1,master,68,0.003391,0.979426,-0.976034,-0.017183,1
1,1,master,69,0.001822,0.982202,-0.980380,-0.015975,1
1,1,master,70,0.000770,0.976222,-0.975452,-0.023007,1
1,1,master,71,0.005059,0.722165,-0.717106,-0.272776,1
1,1,master,72,0.001192,0.900907,-0.899715,-0.097902,1
1,1,master,73,0.003208,0.899971,-0.896763,-0.096820,1
1,1,master,74,0.000002,0.977693,-0.977692,-0.022305,1
1,1,master,75,0.002113,0.877260,-0.875147,-0.120628,1
1,1,master,76,0.002247,0.923426,-0.921179,-0.074328,1
1,1,master,77,0.005059,0.722165,-0.717106,-0.272776,1
1,1,master,78,0.001192,0.900815,-0.899623,-0.097992,1
1,1,master,79,0.003208,0.899978,-0.896770,-0.096814,1
1,1,master,80,0.000002,0.977577,-0.977576,-0.022421,1
1,1,master,81,0.002113,0.877261,-0.875148,-0.120627,1
1,1,master,82,0.002246,0.923426,-0.921180,-0.074327,1
1,1,master,83,0.037901,0.624957,-0.587056,-0.337143,1
1,1,master,84,0.001266,0.985123,-0.983857,-0.013611,1
1,1,expert,0,0.034154,0.880221,-0.846068,-0.085625,1
1,1,expert,1,0.032259,0.881903,-0.849644,-0.085839,1
1,1,expert,2,0.032238,0.869905,-0.837668,-0.097857,1
1,1,expert,3,0.073679,0.817123,-0.743443,-0.109198,1
1,1,expert,4,0.070589,0.819052,-0.748463,-0.110360,1
1,1,expert,5,0.082519,0.761586,-0.679067,-0.155895,1
1,1,expert,6,0.067372,0.816863,-0.749491,-0.115765,1
1,1,expert,7,0.030985,0.883206,-0.852221,-0.085810,1
1,1,expert,8,0.120877,0.924402,-0.803524,0.045279,1
1,1,expert,9,0.078543,0.751595,-0.673051,-0.169862,1
1,1,expert,10,0.057337,0.929210,-0.871873,-0.013454,1
1,1,expert,11,0.021825,0.780142,-0.758318,-0.198033,1
1,1,expert,12,0.046998,0.663980,-0.616982,-0.289022,1
1,1,expert,13,0.004579,0.904004,-0.899425,-0.091417,1
1,1,expert,14,0.024136,0.938566,-0.914430,-0.037298,1
1,1,expert,15,0.022414,0.815020,-0.792607,-0.162566,1
1,1,expert,16,0.152012,0.925450,-0.773438,0.077462,1
1,1,expert,17,0.102388,0.901763,-0.799376,0.004151,1
1,1,expert,18,0.058765,0.960011,-0.901246,0.018776,1
1,1,expert,19,0.043277,0.939532,-0.896255,-0.017191,1
1,1,expert,20,0.076970,0.937317,-0.860346,0.014287,1
1,1,expert,21,0.029038,0.950317,-0.921279,-0.020646,1
1,1,expert,22,0.030284,0.973270,-0.942985,0.003554,1
1,1,expert,23,0.021475,0.939261,-0.917786,-0.039264,1
1,1,expert,24,0.082365,0.895662,-0.813298,-0.021973,1
1,1,expert,25,0.040953,0.934146,-0.893193,-0.024902,1
1,1,expert,26,0.031573,0.928144,-0.896571,-0.040284,1
1,1,expert,27,0.016217,0.953728,-0.937512,-0.030055,1
1,1,expert,28,0.061642,0.952991,-0.891349,0.014634,1
1,1,expert,29,0.111971,0.933556,-0.821585,0.045526,1
1,1,expert,30,0.068176,0.913120,-0.844944,-0.018704,1
1,1,expert,31,0.041595,0.967678,-0.926083,0.009273,1
1,1,expert,32,0.007561,0.854117,-0.846557,-0.138322,1
1,1,expert,33,0.023146,0.864744,-0.841597,-0.112110,1
1,1,expert,34,0.014418,0.888632,-0.874214,-0.096949,1
1,1,expert,35,0.016499,0.979230,-0.962731,-0.004271,1
1,1,expert,36,0.041497,0.917350,-0.875853,-0.041152,1
1,1,expert,37,0.024380,0.957311,-0.932932,-0.018309,1
1,1,expert,38,0.026751,0.957940,-0.931188,-0.015309,1
1,1,expert,39,0.051737,0.932022,-0.880285,-0.016240,1
1,1,expert,40,0.032699,0.935045,-0.902346,-0.032256,1
1,1,expert,41,0.046217,0.957895,-0.911678,0.004112,1
1,1,expert,42,0.032207,0.965192,-0.932985,-0.002601,1
1,1,expert,43,0.029060,0.966074,-0.937014,-0.004866,1
1,1,expert,44,0.053802,0.962703,-0.908901,0.016505,1
1,1,expert,45,0.013467,0.843968,-0.830501,-0.142565,1
1,1,expert,46,0.029316,0.877305,-0.847988,-0.093379,1
1,1,expert,47,0.021865,0.867135,-0.845270,-0.111001,1
1,1,expert,48,0.031704,0.940816,-0.909112,-0.027480,1
1,1,expert,49,0.049704,0.895112,-0.845409,-0.055184,1
1,1,expert,50,0.026412,0.963942,-0.937531,-0.009646,1
1,1,expert,51,0.039738,0.955515,-0.915776,-0.004747,1
1,1,expert,52,0.077650,0.937489,-0.859839,0.015139,1
1,1,expert,53,0.037814,0.926940,-0.889126,-0.035246,1
1,1,expert,54,0.042877,0.959587,-0.916710,0.002465,1
1,1,expert,55,0.037445,0.963314,-0.925869,0.000759,1
1,1,expert,56,0.029559,0.966223,-0.936665,-0.004218,1
1,1,expert,57,0.057127,0.960693,-0.903566,0.017819,1
1,1,expert,58,0.108769,0.903887,-0.795117,0.012656,1
1,1,expert,59,0.040174,0.938071,-0.897897,-0.021755,1
1,1,expert,60,0.005757,0.857468,-0.851712,-0.136775,1
1,1,expert,61,0.015517,0.250017,-0.234500,-0.734466,1
1,1,expert,62,0.015517,0.250002,-0.234485,-0.734481,1
1,1,expert,63,0.020805,0.866211,-0.845406,-0.112984,1
1,1,expert,64,0.070069,0.964180,-0.894111,0.034250,1
1,1,expert,65,0.010340,0.926340,-0.916001,-0.063320,1
1,1,expert,66,0.028294,0.613608,-0.585313,-0.358098,1
1,1,expert,67,0.017670,0.769788,-0.752118,-0.212543,1
1,1,expert,68,0.000017,0.976219,-0.976201,-0.023764,1
1,1,expert,69,0.006482,0.930893,-0.924411,-0.062624,1
1,1,expert,70,0.016297,0.932528,-0.916232,-0.051175,1
1,1,expert,71,0.039003,0.542816,-0.503812,-0.418181,1
1,1,expert,72,0.044174,0.752837,-0.708664,-0.202989,1
1,1,expert,73,0.024348,0.859550,-0.835202,-0.116103,1
1,1,expert,74,0.018493,0.854528,-0.836035,-0.126979,1
1,1,expert,75,0.011822,0.691096,-0.679274,-0.297082,1
1,1,expert,76,0.021754,0.750998,-0.729244,-0.227248,1
1,1,expert,77,0.039003,0.542816,-0.503812,-0.418181,1
1,1,expert,78,0.044162,0.752646,-0.708484,-0.203192,1
1,1,expert,79,0.024350,0.859544,-0.835194,-0.116106,1
1,1,expert,80,0.018492,0.854515,-0.836023,-0.126994,1
1,1,expert,81,0.011822,0.691096,-0.679273,-0.297082,1
1,1,expert,82,0.021754,0.751002,-0.729247,-0.227244,1
1,1,expert,83,0.020583,0.777348,-0.756765,-0.202069,1
1,1,expert,84,0.158602,0.841563,-0.682962,0.000165,1
1,2,master,0,0.042089,0.838429,-0.796340,-0.119482,1
1,2,master,1,0.040781,0.840513,-0.799732,-0.118705,1
1,2,master,2,0.041051,0.831491,-0.790440,-0.127459,1
1,2,master,3,0.046598,0.781076,-0.734478,-0.172326,1
1,2,master,4,0.046836,0.761873,-0.715037,-0.191290,1
1,2,master,5,0.041470,0.808008,-0.766538,-0.150521,1
1,2,master,6,0.034330,0.818473,-0.784143,-0.147198,1
1,2,master,7,0.005254,0.997885,-0.992631,0.003139,1
1,2,master,8,0.094454,0.894976,-0.800522,-0.010570,1
1,2,master,9,0.001703,0.977650,-0.975946,-0.020647,1
1,2,master,10,0.013507,0.961567,-0.948060,-0.024926,1
1,2,master,11,0.034877,0.839522,-0.804645,-0.125601,1
1,2,master,12,0.002610,0.971032,-0.968422,-0.026358,1
1,2,master,13,0.004628,0.996159,-0.991531,0.000787,1
1,2,master,14,0.007617,0.975327,-0.967709,-0.017056,1
1,2,master,15,0.007282,0.905697,-0.898415,-0.087022,1
1,2,master,16,0.069422,0.893203,-0.823782,-0.037375,1
1,2,master,17,0.017078,0.820369,-0.803291,-0.162553,1
1,2,master,18,0.012150,0.899832,-0.887681,-0.088018,1
1,2,master,19,0.012036,0.977353,-0.965317,-0.010611,1
1,2,master,20,0.007614,0.970683,-0.963070,-0.021703,1
1,2,master,21,0.009988,0.983405,-0.973417,-0.006607,1
1,2,master,22,0.006294,0.980878,-0.974584,-0.012828,1
1,2,master,23,0.006644,0.980409,-0.973765,-0.012947,1
1,2,master,24,0.002073,0.997116,-0.995043,-0.000810,1
1,2,master,25,0.022362,0.988202,-0.965841,0.010564,1
1,2,master,26,0.028198,0.985763,-0.957565,0.013961,1
1,2,master,27,0.000322,0.989491,-0.989169,-0.010187,1
1,2,master,28,0.018136,0.970824,-0.952688,-0.011039,1
1,2,master,29,0.001310,0.988482,-0.987172,-0.010207,1
1,2,master,30,0.000049,0.998091,-0.998041,-0.001860,1
1,2,master,31,0.008656,0.958676,-0.950020,-0.032669,1
1,2,master,32,0.019215,0.932277,-0.913062,-0.048508,1
1,2,master,33,0.020143,0.890116,-0.869973,-0.089742,1
1,2,master,34,0.039474,0.946257,-0.906783,-0.014269,1
1,2,master,35,0.023637,0.924332,-0.900695,-0.052030,1
1,2,master,36,0.018214,0.944111,-0.925897,-0.037675,1
1,2,master,37,0.020821,0.944618,-0.923798,-0.034561,1
1,2,master,38,0.018833,0.968155,-0.949322,-0.013013,1
1,2,master,39,0.017614,0.949230,-0.931615,-0.033156,1
1,2,master,40,0.014409,0.937311,-0.922901,-0.048280,1
1,2,master,41,0.037965,0.913100,-0.875134,-0.048935,1
1,2,master,42,0.023323,0.937048,-0.913725,-0.039628,1
1,2,master,43,0.027713,0.965839,-0.938126,-0.006449,1
1,2,master,44,0.012824,0.949155,-0.936331,-0.038021,1
1,2,master,45,0.016978,0.968701,-0.951723,-0.014321,1
1,2,master,46,0.015200,0.928527,-0.913327,-0.056273,1
1,2,master,47,0.037718,0.961750,-0.924033,-0.000532,1
1,2,master,48,0.013585,0.949647,-0.936062,-0.036768,1
1,2,master,49,0.016026,0.951912,-0.935885,-0.032062,1
1,2,master,50,0.019841,0.949582,-0.929742,-0.030577,1
1,2,master,51,0.020413,0.966592,-0.946180,-0.012995,1
1,2,master,52,0.017224,0.954852,-0.937629,-0.027924,1
1,2,master,53,0.012840,0.939795,-0.926955,-0.047365,1
1,2,master,54,0.029382,0.919339,-0.889957,-0.051278,1
1,2,master,55,0.019903,0.928642,-0.908740,-0.051455,1
1,2,master,56,0.027273,0.967127,-0.939855,-0.005600,1
1,2,master,57,0.011292,0.961563,-0.950271,-0.027144,1
1,2,master,58,0.031614,0.971692,-0.940078,0.003306,1
1,2,master,59,0.004415,0.976658,-0.972244,-0.018927,1
1,2,master,60,0.004140,0.977514,-0.973374,-0.018347,1
1,2,master,61,0.001911,0.500000,-0.498089,-0.498089,1
1,2,master,62,0.001911,0.500041,-0.498130,-0.498049,1
1,2,master,63,0.008342,0.940017,-0.931675,-0.051641,1
1,2,master,64,0.000413,0.997263,-0.996850,-0.002324,1
1,2,master,65,0.000312,0.978332,-0.978019,-0.021356,1
1,2,master,66,0.000295,0.904209,-0.903914,-0.095496,1
1,2,master,67,0.001058,0.770817,-0.769758,-0.228125,1
1,2,master,68,0.001087,0.991078,-0.989992,-0.007835,1
1,2,master,69,0.000055,0.954823,-0.954768,-0.045122,1
1,2,master,70,0.000307,0.907516,-0.907209,-0.092177,1
1,2,master,71,0.012241,0.832637,-0.820396,-0.155122,1
1,2,master,72,0.008135,0.877418,-0.869283,-0.114447,1
1,2,master,73,0.000229,0.935312,-0.935082,-0.064459,1
1,2,master,74,0.001457,0.891768,-0.890311,-0.106775,1
1,2,master,75,0.000639,0.931044,-0.930405,-0.068318,1
1,2,master,76,0.001309,0.977427,-0.976118,-0.021263,1
1,2,master,77,0.012241,0.832637,-0.820396,-0.155122,1
1,2,master,78,0.008135,0.877418,-0.869283,-0.114447,1
1,2,master,79,0.000229,0.935388,-0.935159,-0.064383,1
1,2,master,80,0.001457,0.891766,-0.890309,-0.106777,1
1,2,master,81,0.000639,0.931044,-0.930405,-0.068317,1
1,2,master,82,0.001320,0.977362,-0.976042,-0.021318,1
1,2,master,83,0.037901,0.624957,-0.587056,-0.337143,1
1,2,master,84,0.001266,0.985123,-0.983857,-0.013611,1
1,2,expert,0,0.021455,0.824299,-0.802845,-0.154246,1
1,2,expert,1,0.021118,0.825366,-0.804248,-0.153516,1
1,2,expert,2,0.024165,0.815756,-0.791591,-0.160079,1
1,2,expert,3,0.052610,0.816669,-0.764060,-0.130721,1
1,2,expert,4,0.048641,0.812428,-0.763788,-0.138931,1
1,2,expert,5,0.059745,0.812515,-0.752771,-0.127740,1
1,2,expert,6,0.051556,0.813002,-0.761446,-0.135442,1
1,2,expert,7,0.022459,0.918032,-0.895573,-0.059509,1
1,2,expert,8,0.091298,0.927688,-0.836389,0.018986,1
1,2,expert,9,0.059228,0.840962,-0.781734,-0.099810,1
1,2,expert,10,0.100260,0.944981,-0.844721,0.045241,1
1,2,expert,11,0.018197,0.881769,-0.863572,-0.100035,1
1,2,expert,12,0.019452,0.751703,-0.732252,-0.228845,1
1,2,expert,13,0.019691,0.960918,-0.941228,-0.019391,1
1,2,expert,14,0.025609,0.959801,-0.934192,-0.014590,1
1,2,expert,15,0.015911,0.951909,-0.935998,-0.032179,1
1,2,expert,16,0.113847,0.877051,-0.763204,-0.009102,1
1,2,expert,17,0.100102,0.709919,-0.609818,-0.189979,1
1,2,expert,18,0.062643,0.810371,-0.747728,-0.126986,1
1,2,expert,19,0.061904,0.928044,-0.866140,-0.010052,1
1,2,expert,20,0.060068,0.941021,-0.880953,0.001089,1
1,2,expert,21,0.009182,0.946208,-0.937026,-0.044611,1
1,2,expert,22,0.025211,0.915939,-0.890728,-0.058849,1
1,2,expert,23,0.022274,0.955900,-0.933626,-0.021826,1
1,2,expert,24,0.054492,0.962295,-0.907803,0.016786,1
1,2,expert,25,0.006616,0.971098,-0.964482,-0.022287,1
1,2,expert,26,0.067856,0.923287,-0.855431,-0.008857,1
1,2,expert,27,0.011144,0.989639,-0.978495,0.000783,1
1,2,expert,28,0.067147,0.950948,-0.883801,0.018095,1
1,2,expert,29,0.060837,0.920254,-0.859417,-0.018909,1
1,2,expert,30,0.007361,0.988889,-0.981529,-0.003750,1
1,2,expert,31,0.016574,0.977819,-0.961245,-0.005607,1
1,2,expert,32,0.016422,0.964462,-0.948039,-0.019116,1
1,2,expert,33,0.010510,0.916715,-0.906205,-0.072775,1
1,2,expert,34,0.015033,0.913346,-0.898312,-0.071621,1
1,2,expert,35,0.026601,0.939735,-0.913134,-0.033664,1
1,2,expert,36,0.009937,0.949776,-0.939839,-0.040287,1
1,2,expert,37,0.015449,0.947440,-0.931992,-0.037111,1
1,2,expert,38,0.038940,0.967993,-0.929054,0.006933,1
1,2,expert,39,0.015848,0.950661,-0.934813,-0.033490,1
1,2,expert,40,0.045785,0.939000,-0.893215,-0.015215,1
1,2,expert,41,0.027503,0.965817,-0.938315,-0.006680,1
1,2,expert,42,0.019498,0.972732,-0.953234,-0.007770,1
1,2,expert,43,0.030614,0.969129,-0.938515,-0.000257,1
1,2,expert,44,0.028704,0.946571,-0.917867,-0.024726,1
1,2,expert,45,0.019447,0.967304,-0.947856,-0.013249,1
1,2,expert,46,0.021094,0.906043,-0.884949,-0.072863,1
1,2,expert,47,0.020846,0.921110,-0.900264,-0.058044,1
1,2,expert,48,0.033996,0.966933,-0.932937,0.000928,1
1,2,expert,49,0.012005,0.963681,-0.951676,-0.024315,1
1,2,expert,50,0.022036,0.957121,-0.935085,-0.020843,1
1,2,expert,51,0.050257,0.959937,-0.909680,0.010195,1
1,2,expert,52,0.022913,0.942368,-0.919455,-0.034718,1
1,2,expert,53,0.059101,0.943754,-0.884653,0.002856,1
1,2,expert,54,0.041603,0.944862,-0.903259,-0.013535,1
1,2,expert,55,0.021851,0.969453,-0.947602,-0.008695,1
1,2,expert,56,0.034091,0.963130,-0.929039,-0.002778,1
1,2,expert,57,0.025627,0.928042,-0.902415,-0.046331,1
1,2,expert,58,0.041721,0.942988,-0.901267,-0.015291,1
1,2,expert,59,0.019167,0.976565,-0.957398,-0.004269,1
1,2,expert,60,0.010106,0.950644,-0.940537,-0.039250,1
1,2,expert,61,0.015517,0.250002,-0.234485,-0.734481,1
1,2,expert,62,0.015517,0.250006,-0.234489,-0.734477,1
1,2,expert,63,0.053009,0.934338,-0.881329,-0.012653,1
1,2,expert,64,0.035091,0.968076,-0.932984,0.003167,1
1,2,expert,65,0.005428,0.959717,-0.954289,-0.034854,1
1,2,expert,66,0.017680,0.857663,-0.839983,-0.124657,1
1,2,expert,67,0.011500,0.584372,-0.572873,-0.404128,1
1,2,expert,68,0.006292,0.939897,-0.933605,-0.053811,1
1,2,expert,69,0.005316,0.947028,-0.941711,-0.047656,1
1,2,expert,70,0.004712,0.854077,-0.849365,-0.141211,1
1,2,expert,71,0.083766,0.625557,-0.541792,-0.290677,1
1,2,expert,72,0.056566,0.737218,-0.680652,-0.206216,1
1,2,expert,73,0.018988,0.803861,-0.784873,-0.177151,1
1,2,expert,74,0.013146,0.843699,-0.830552,-0.143155,1
1,2,expert,75,0.010435,0.868393,-0.857958,-0.121172,1
1,2,expert,76,0.015690,0.852545,-0.836855,-0.131764,1
1,2,expert,77,0.083766,0.625557,-0.541792,-0.290677,1
1,2,expert,78,0.056566,0.737218,-0.680652,-0.206216,1
1,2,expert,79,0.018992,0.803725,-0.784733,-0.177283,1
1,2,expert,80,0.013146,0.843699,-0.830552,-0.143155,1
1,2,expert,81,0.010435,0.868392,-0.857957,-0.121173,1
1,2,expert,82,0.015658,0.852756,-0.837098,-0.131586,1
1,2,expert,83,0.020583,0.777348,-0.756765,-0.202069,1
1,2,expert,84,0.158602,0.841563,-0.682962,0.000165,1
2,0,master,0,0.050706,0.874437,-0.823731,-0.074857,1
2,0,master,1,0.050730,0.875059,-0.824329,-0.074211,1
2,0,master,2,0.048230,0.872662,-0.824431,-0.079108,1
2,0,master,3,0.073339,0.795312,-0.721972,-0.131349,1
2,0,master,4,0.073039,0.767962,-0.694923,-0.158999,1
2,0,master,5,0.065075,0.856615,-0.791540,-0.078310,1
2,0,master,6,0.077090,0.804569,-0.727479,-0.118341,1
2,0,master,7,0.003554,0.995815,-0.992262,-0.000631,1
2,0,master,8,0.054197,0.947031,-0.892835,0.001228,1
2,0,master,9,0.004260,0.929708,-0.925448,-0.066032,1
2,0,master,10,0.015665,0.983552,-0.967887,-0.000783,1
2,0,master,11,0.044022,0.831922,-0.787900,-0.124056,1
2,0,master,12,0.002644,0.929719,-0.927075,-0.067637,1
2,0,master,13,0.003861,0.980311,-0.976450,-0.015828,1
2,0,master,14,0.010301,0.990711,-0.980410,0.001012,1
2,0,master,15,0.006662,0.983209,-0.976547,-0.010129,1
2,0,master,16,0.083127,0.889420,-0.806292,-0.027453,1
2,0,master,17,0.044989,0.761998,-0.717010,-0.193013,1
2,0,master,18,0.044828,0.831627,-0.786798,-0.123545,1
2,0,master,19,0.000361,0.987762,-0.987402,-0.011877,1
2,0,master,20,0.049415,0.953934,-0.904518,0.003349,1
2,0,master,21,0.058514,0.970800,-0.912286,0.029314,1
2,0,master,22,0.083441,0.960145,-0.876704,0.043586,1
2,0,master,23,0.014920,0.962654,-0.947733,-0.022426,1
2,0,master,24,0.001111,0.997267,-0.996155,-0.001622,1
2,0,master,25,0.021896,0.981957,-0.960061,0.003853,1
2,0,master,26,0.001165,0.990930,-0.989765,-0.007905,1
2,0,master,27,0.009416,0.977988,-0.968571,-0.012596,1
2,0,master,28,0.038998,0.957110,-0.918113,-0.003892,1
2,0,master,29,0.003252,0.970938,-0.967685,-0.025810,1
2,0,master,30,0.000073,0.982144,-0.982070,-0.017783,1
2,0,master,31,0.007570,0.995146,-0.987575,0.002716,1
2,0,master,32,0.014369,0.881879,-0.867511,-0.103752,1
2,0,master,33,0.021335,0.913132,-0.891797,-0.065532,1
2,0,master,34,0.019750,0.918513,-0.898764,-0.061737,1
2,0,master,35,0.046769,0.973933,-0.927164,0.020703,1
2,0,master,36,0.046915,0.949889,-0.902974,-0.003196,1
2,0,master,37,0.033423,0.946316,-0.912893,-0.020260,1
2,0,master,38,0.044367,0.962990,-0.918623,0.007357,1
2,0,master,39,0.042223,0.949802,-0.907579,-0.007975,1
2,0,master,40,0.031622,0.956160,-0.924538,-0.012219,1
2,0,master,41,0.028475,0.951684,-0.923209,-0.019841,1
2,0,master,42,0.031251,0.937633,-0.906382,-0.031117,1
2,0,master,43,0.055083,0.934436,-0.879353,-0.010480,1
2,0,master,44,0.041277,0.941890,-0.900613,-0.016833,1
2,0,master,45,0.014507,0.836435,-0.821927,-0.149058,1
2,0,master,46,0.019552,0.914977,-0.895425,-0.065472,1
2,0,master,47,0.021379,0.912075,-0.890696,-0.066547,1
2,0,master,48,0.053491,0.957778,-0.904287,0.011270,1
2,0,master,49,0.052461,0.953968,-0.901507,0.006428,1
2,0,master,50,0.031935,0.954223,-0.922288,-0.013842,1
2,0,master,51,0.042530,0.953983,-0.911453,-0.003487,1
2,0,master,52,0.039099,0.951178,-0.912079,-0.009723,1
2,0,master,53,0.033154,0.958849,-0.925696,-0.007997,1
2,0,master,54,0.031968,0.945473,-0.913505,-0.022559,1
2,0,master,55,0.029628,0.942090,-0.912462,-0.028282,1
2,0,master,56,0.059835,0.942313,-0.882479,0.002148,1
2,0,master,57,0.038669,0.943449,-0.904780,-0.017881,1
2,0,master,58,0.100733,0.945416,-0.844683,0.046150,1
2,0,master,59,0.012624,0.938929,-0.926305,-0.048448,1
2,0,master,60,0.006574,0.938326,-0.931752,-0.055100,1
2,0,master,61,0.005725,0.500000,-0.494275,-0.494275,1
2,0,master,62,0.005725,0.500000,-0.494275,-0.494275,1
2,0,master,63,0.001447,0.974307,-0.972860,-0.024246,1
2,0,master,64,0.026879,0.949071,-0.922192,-0.024050,1
2,0,master,65,0.000162,0.953312,-0.953150,-0.046525,1
2,0,master,66,0.000119,0.987321,-0.987202,-0.012560,1
2,0,master,67,0.000438,0.947194,-0.946756,-0.052368,1
2,0,master,68,0.000425,0.986407,-0.985982,-0.013168,1
2,0,master,69,0.000252,0.808105,-0.807853,-0.191642,1
2,0,master,70,0.000981,0.962113,-0.961132,-0.036906,1
2,0,master,71,0.013817,0.720294,-0.706477,-0.265890,1
2,0,master,72,0.000411,0.959523,-0.959113,-0.040066,1
2,0,master,73,0.030794,0.882747,-0.851953,-0.086460,1
2,0,master,74,0.029689,0.904390,-0.874701,-0.065922,1
2,0,master,75,0.018261,0.976612,-0.958351,-0.005126,1
2,0,master,76,0.001945,0.998127,-0.996183,0.000072,1
2,0,master,77,0.013817,0.720294,-0.706477,-0.265890,1
2,0,master,78,0.000410,0.959513,-0.959102,-0.040077,1
2,0,master,79,0.030792,0.882747,-0.851955,-0.086460,1
2,0,master,80,0.029689,0.904390,-0.874701,-0.065922,1
2,0,master,81,0.018276,0.976549,-0.958273,-0.005176,1
2,0,master,82,0.001958,0.997758,-0.995800,-0.000284,1
2,0,master,83,0.087927,0.639858,-0.551931,-0.272216,1
2,0,master,84,0.000258,0.990739,-0.990481,-0.009003,1
2,0,expert,0,0.017841,0.901333,-0.883492,-0.080826,1
2,0,expert,1,0.017518,0.906447,-0.888929,-0.076034,1
2,0,expert,2,0.017974,0.897820,-0.879846,-0.084206,1
2,0,expert,3,0.058679,0.764952,-0.706273,-0.176369,1
2,0,expert,4,0.056954,0.748436,-0.691482,-0.194610,1
2,0,expert,5,0.068809,0.736914,-0.668105,-0.194277,1
2,0,expert,6,0.054298,0.800645,-0.746347,-0.145056,1
2,0,expert,7,0.011334,0.963185,-0.951851,-0.025481,1
2,0,expert,8,0.068286,0.940664,-0.872377,0.008950,1
2,0,expert,9,0.039745,0.896475,-0.856730,-0.063781,1
2,0,expert,10,0.071730,0.946463,-0.874734,0.018193,1
2,0,expert,11,0.022243,0.890136,-0.867893,-0.087621,1
2,0,expert,12,0.022564,0.895029,-0.872465,-0.082407,1
2,0,expert,13,0.042005,0.940494,-0.898489,-0.017501,1
2,0,expert,14,0.034180,0.950369,-0.916189,-0.015452,1
2,0,expert,15,0.028866,0.853454,-0.824588,-0.117679,1
2,0,expert,16,0.122112,0.904847,-0.782735,0.026958,1
2,0,expert,17,0.114630,0.728354,-0.613725,-0.157016,1
2,0,expert,18,0.114607,0.794312,-0.679705,-0.091080,1
2,0,expert,19,0.067047,0.931765,-0.864718,-0.001188,1
2,0,expert,20,0.094582,0.893449,-0.798867,-0.011969,1
2,0,expert,21,0.004783,0.965419,-0.960635,-0.029798,1
2,0,expert,22,0.021640,0.974558,-0.952918,-0.003802,1
2,0,expert,23,0.000892,0.950006,-0.949113,-0.049102,1
2,0,expert,24,0.043527,0.956415,-0.912889,-0.000058,1
2,0,expert,25,0.012405,0.973724,-0.961319,-0.013871,1
2,0,expert,26,0.027382,0.952781,-0.925399,-0.019837,1
2,0,expert,27,0.017091,0.984852,-0.967761,0.001943,1
2,0,expert,28,0.036170,0.934167,-0.897997,-0.029663,1
2,0,expert,29,0.044381,0.931444,-0.887063,-0.024176,1
2,0,expert,30,0.049605,0.960725,-0.911120,0.010330,1
2,0,expert,31,0.012715,0.965341,-0.952626,-0.021944,1
2,0,expert,32,0.004349,0.675110,-0.670761,-0.320542,1
2,0,expert,33,0.000458,0.899279,-0.898821,-0.100263,1
2,0,expert,34,0.012497,0.752676,-0.740179,-0.234826,1
2,0,expert,35,0.009040,0.950984,-0.941944,-0.039976,1
2,0,expert,36,0.013132,0.941633,-0.928500,-0.045235,1
2,0,expert,37,0.030339,0.923794,-0.893455,-0.045867,1
2,0,expert,38,0.008908,0.899217,-0.890310,-0.091875,1
2,0,expert,39,0.008769,0.943615,-0.934845,-0.047616,1
2,0,expert,40,0.011452,0.915462,-0.904010,-0.073087,1
2,0,expert,41,0.015640,0.905618,-0.889978,-0.078742,1
2,0,expert,42,0.004335,0.904762,-0.900428,-0.090903,1
2,0,expert,43,0.005787,0.887404,-0.881617,-0.106809,1
2,0,expert,44,0.022345,0.960460,-0.938115,-0.017195,1
2,0,expert,45,0.004644,0.645671,-0.641027,-0.349685,1
2,0,expert,46,0.000977,0.883812,-0.882836,-0.115211,1
2,0,expert,47,0.018444,0.759554,-0.741109,-0.222002,1
2,0,expert,48,0.009402,0.946851,-0.937448,-0.043747,1
2,0,expert,49,0.019820,0.955498,-0.935678,-0.024682,1
2,0,expert,50,0.037728,0.920025,-0.882297,-0.042247,1
2,0,expert,51,0.013129,0.894963,-0.881834,-0.091908,1
2,0,expert,52,0.017001,0.945446,-0.928445,-0.037553,1
2,0,expert,53,0.017568,0.910480,-0.892913,-0.071952,1
2,0,expert,54,0.021731,0.901010,-0.879278,-0.077259,1
2,0,expert,55,0.010680,0.904912,-0.894231,-0.084408,1
2,0,expert,56,0.009317,0.914444,-0.905127,-0.076239,1
2,0,expert,57,0.033377,0.925070,-0.891692,-0.041553,1
2,0,expert,58,0.068391,0.909685,-0.841294,-0.021924,1
2,0,expert,59,0.033587,0.878711,-0.845124,-0.087702,1
2,0,expert,60,0.001385,0.848057,-0.846672,-0.150558,1
2,0,expert,61,0.018720,0.497420,-0.478700,-0.483860,1
2,0,expert,62,0.018720,0.497436,-0.478716,-0.483844,1
2,0,expert,63,0.084342,0.934802,-0.850460,0.019143,1
2,0,expert,64,0.023782,0.939369,-0.915587,-0.036848,1
2,0,expert,65,0.000881,0.986525,-0.985644,-0.012594,1
2,0,expert,66,0.028968,0.824216,-0.795248,-0.146817,1
2,0,expert,67,0.005073,0.840790,-0.835717,-0.154137,1
2,0,expert,68,0.008852,0.993093,-0.984240,0.001945,1
2,0,expert,69,0.016250,0.907476,-0.891226,-0.076274,1
2,0,expert,70,0.008592,0.933945,-0.925353,-0.057463,1
2,0,expert,71,0.060204,0.629354,-0.569149,-0.310442,1
2,0,expert,72,0.040464,0.818286,-0.777822,-0.141251,1
2,0,expert,73,0.002711,0.956635,-0.953925,-0.040654,1
2,0,expert,74,0.005666,0.956401,-0.950734,-0.037933,1
2,0,expert,75,0.005614,0.957482,-0.951868,-0.036904,1
2,0,expert,76,0.020103,0.943765,-0.923662,-0.036131,1
2,0,expert,77,0.060204,0.629354,-0.569149,-0.310442,1
2,0,expert,78,0.040463,0.818272,-0.777809,-0.141265,1
2,0,expert,79,0.002710,0.956637,-0.953927,-0.040654,1
2,0,expert,80,0.005666,0.956401,-0.950735,-0.037933,1
2,0,expert,81,0.005610,0.957484,-0.951874,-0.036906,1
2,0,expert,82,0.020084,0.944273,-0.924189,-0.035644,1
2,0,expert,83,0.021052,0.847744,-0.826692,-0.131204,1
2,0,expert,84,0.143239,0.867494,-0.724255,0.010733,1
2,1,master,0,0.060950,0.868393,-0.807443,-0.070657,1
2,1,master,1,0.061735,0.866660,-0.804924,-0.071605,1
2,1,master,2,0.056565,0.862753,-0.806188,-0.080682,1
2,1,master,3,0.019527,0.974988,-0.955461,-0.005486,1
2,1,master,4,0.018702,0.969315,-0.950613,-0.011983,1
2,1,master,5,0.012408,0.909778,-0.897371,-0.077814,1
2,1,master,6,0.013955,0.950821,-0.936867,-0.035224,1
2,1,master,7,0.001288,0.992042,-0.990754,-0.006669,1
2,1,master,8,0.058784,0.914377,-0.855593,-0.026839,1
2,1,master,9,0.005056,0.884801,-0.879744,-0.110143,1
2,1,master,10,0.006063,0.997359,-0.991296,0.003422,1
2,1,master,11,0.009225,0.885982,-0.876756,-0.104793,1
2,1,master,12,0.004216,0.956655,-0.952439,-0.039129,1
2,1,master,13,0.009924,0.994717,-0.984793,0.004642,1
2,1,master,14,0.019378,0.977921,-0.958543,-0.002702,1
2,1,master,15,0.024337,0.987000,-0.962664,0.011337,1
2,1,master,16,0.001163,0.957019,-0.955856,-0.041817,1
2,1,master,17,0.000205,0.974772,-0.974567,-0.025023,1
2,1,master,18,0.000626,0.997658,-0.997032,-0.001716,1
2,1,master,19,0.001769,0.987381,-0.985612,-0.010850,1
2,1,master,20,0.002508,0.992336,-0.989827,-0.005156,1
2,1,master,21,0.020972,0.989039,-0.968067,0.010011,1
2,1,master,22,0.003127,0.989661,-0.986533,-0.007212,1
2,1,master,23,0.009864,0.965623,-0.955760,-0.024513,1
2,1,master,24,0.000716,0.968336,-0.967620,-0.030947,1
2,1,master,25,0.045202,0.945570,-0.900368,-0.009228,1
2,1,master,26,0.001937,0.980529,-0.978593,-0.017534,1
2,1,master,27,0.007502,0.975154,-0.967652,-0.017344,1
2,1,master,28,0.049481,0.973491,-0.924010,0.022972,1
2,1,master,29,0.012483,0.992983,-0.980501,0.005466,1
2,1,master,30,0.000002,0.994145,-0.994143,-0.005853,1
2,1,master,31,0.001657,0.993437,-0.991780,-0.004905,1
2,1,master,32,0.015659,0.928738,-0.913079,-0.055604,1
2,1,master,33,0.024685,0.891891,-0.867205,-0.083424,1
2,1,master,34,0.032161,0.930209,-0.898048,-0.037631,1
2,1,master,35,0.035105,0.955013,-0.919907,-0.009882,1
2,1,master,36,0.046091,0.948333,-0.902242,-0.005577,1
2,1,master,37,0.051690,0.937762,-0.886072,-0.010548,1
2,1,master,38,0.035434,0.963616,-0.928181,-0.000950,1
2,1,master,39,0.041903,0.954182,-0.912279,-0.003915,1
2,1,master,40,0.031844,0.968617,-0.936773,0.000461,1
2,1,master,41,0.059002,0.949699,-0.890697,0.008702,1
2,1,master,42,0.034072,0.958945,-0.924873,-0.006984,1
2,1,master,43,0.033225,0.942872,-0.909647,-0.023902,1
2,1,master,44,0.035612,0.950354,-0.914742,-0.014034,1
2,1,master,45,0.017878,0.918731,-0.900854,-0.063391,1
2,1,master,46,0.024050,0.893743,-0.869693,-0.082208,1
2,1,master,47,0.034025,0.938138,-0.904114,-0.027837,1
2,1,master,48,0.034941,0.944629,-0.909688,-0.020430,1
2,1,master,49,0.046569,0.948840,-0.902271,-0.004591,1
2,1,master,50,0.052863,0.942061,-0.889198,-0.005076,1
2,1,master,51,0.040710,0.956476,-0.915766,-0.002814,1
2,1,master,52,0.038637,0.953992,-0.915355,-0.007370,1
2,1,master,53,0.029602,0.969201,-0.939599,-0.001198,1
2,1,master,54,0.058121,0.949049,-0.890928,0.007171,1
2,1,master,55,0.029529,0.962255,-0.932727,-0.008216,1
2,1,master,56,0.030560,0.943415,-0.912855,-0.026026,1
2,1,master,57,0.029695,0.959655,-0.929961,-0.010650,1
2,1,master,58,0.044969,0.971268,-0.926299,0.016237,1
2,1,master,59,0.000641,0.953497,-0.952856,-0.045862,1
2,1,master,60,0.009367,0.935258,-0.925891,-0.055375,1
2,1,master,61,0.001904,0.500040,-0.498136,-0.498056,1
2,1,master,62,0.001904,0.500000,-0.498096,-0.498096,1
2,1,master,63,0.002977,0.983027,-0.980050,-0.013996,1
2,1,master,64,0.000129,0.992913,-0.992784,-0.006958,1
2,1,master,65,0.000750,0.936512,-0.935762,-0.062738,1
2,1,master,66,0.001459,0.845620,-0.844161,-0.152921,1
2,1,master,67,0.000263,0.945904,-0.945641,-0.053833,1
2,1,master,68,0.001841,0.982960,-0.981118,-0.015199,1
2,1,master,69,0.001129,0.985624,-0.984495,-0.013247,1
2,1,master,70,0.000077,0.997329,-0.997252,-0.002594,1
2,1,master,71,0.002623,0.761045,-0.758422,-0.236333,1
2,1,master,72,0.000454,0.930290,-0.929837,-0.069256,1
2,1,master,73,0.002974,0.863670,-0.860696,-0.133356,1
2,1,master,74,0.000738,0.898942,-0.898204,-0.100321,1
2,1,master,75,0.000101,0.884425,-0.884324,-0.115474,1
2,1,master,76,0.000001,0.951764,-0.951763,-0.048235,1
2,1,master,77,0.002623,0.761045,-0.758422,-0.236333,1
2,1,master,78,0.000454,0.930208,-0.929754,-0.069338,1
2,1,master,79,0.002973,0.863674,-0.860701,-0.133353,1
2,1,master,80,0.000738,0.898893,-0.898155,-0.100369,1
2,1,master,81,0.000101,0.884426,-0.884325,-0.115473,1
2,1,master,82,0.000001,0.951764,-0.951763,-0.048235,1
2,1,master,83,0.087927,0.639858,-0.551931,-0.272216,1
2,1,master,84,0.000258,0.990739,-0.990481,-0.009003,1
2,1,expert,0,0.029054,0.913519,-0.884465,-0.057427,1
2,1,expert,1,0.028877,0.912570,-0.883693,-0.058554,1
2,1,expert,2,0.024965,0.905465,-0.880500,-0.069570,1
2,1,expert,3,0.064025,0.862418,-0.798393,-0.073557,1
2,1,expert,4,0.064655,0.851980,-0.787325,-0.083365,1
2,1,expert,5,0.074504,0.828025,-0.753520,-0.097471,1
2,1,expert,6,0.055946,0.893460,-0.837513,-0.050594,1
2,1,expert,7,0.022695,0.871201,-0.848505,-0.106104,1
2,1,expert,8,0.070347,0.931938,-0.861590,0.002285,1
2,1,expert,9,0.059552,0.775648,-0.716096,-0.164801,1
2,1,expert,10,0.046708,0.936700,-0.889992,-0.016593,1
2,1,expert,11,0.016287,0.756315,-0.740028,-0.227398,1
2,1,expert,12,0.029696,0.786171,-0.756475,-0.184133,1
2,1,expert,13,0.005668,0.900313,-0.894645,-0.094019,1
2,1,expert,14,0.022875,0.929525,-0.906650,-0.047599,1
2,1,expert,15,0.015370,0.828684,-0.813313,-0.155946,1
2,1,expert,16,0.123063,0.943275,-0.820212,0.066337,1
2,1,expert,17,0.097253,0.908777,-0.811523,0.006030,1
2,1,expert,18,0.064484,0.962757,-0.898273,0.027240,1
2,1,expert,19,0.039622,0.962805,-0.923183,0.002427,1
2,1,expert,20,0.101168,0.930056,-0.828888,0.031224,1
2,1,expert,21,0.032915,0.962954,-0.930039,-0.004130,1
2,1,expert,22,0.028502,0.975743,-0.947241,0.004244,1
2,1,expert,23,0.017430,0.932855,-0.915425,-0.049715,1
2,1,expert,24,0.061446,0.918466,-0.857020,-0.020088,1
2,1,expert,25,0.050914,0.927609,-0.876695,-0.021476,1
2,1,expert,26,0.034414,0.931561,-0.897147,-0.034025,1
2,1,expert,27,0.026762,0.970405,-0.943643,-0.002834,1
2,1,expert,28,0.065011,0.951449,-0.886439,0.016460,1
2,1,expert,29,0.099496,0.944040,-0.844544,0.043536,1
2,1,expert,30,0.058451,0.928853,-0.870402,-0.012696,1
2,1,expert,31,0.029422,0.965284,-0.935862,-0.005294,1
2,1,expert,32,0.001851,0.797611,-0.795760,-0.200538,1
2,1,expert,33,0.014446,0.927340,-0.912895,-0.058214,1
2,1,expert,34,0.008200,0.876531,-0.868331,-0.115269,1
2,1,expert,35,0.015703,0.922431,-0.906728,-0.061865,1
2,1,expert,36,0.024823,0.884948,-0.860125,-0.090229,1
2,1,expert,37,0.007838,0.939240,-0.931402,-0.052923,1
2,1,expert,38,0.009487,0.941578,-0.932091,-0.048936,1
2,1,expert,39,0.024134,0.900468,-0.876334,-0.075398,1
2,1,expert,40,0.029483,0.870455,-0.840972,-0.100062,1
2,1,expert,41,0.021472,0.925312,-0.903841,-0.053216,1
2,1,expert,42,0.024587,0.869465,-0.844878,-0.105948,1
2,1,expert,43,0.008290,0.947261,-0.938971,-0.044448,1
2,1,expert,44,0.019280,0.916241,-0.896961,-0.064479,1
2,1,expert,45,0.005206,0.764956,-0.759749,-0.229838,1
2,1,expert,46,0.018712,0.906906,-0.888194,-0.074383,1
2,1,expert,47,0.016829,0.851524,-0.834695,-0.131648,1
2,1,expert,48,0.024450,0.901537,-0.877087,-0.074013,1
2,1,expert,49,0.034422,0.882861,-0.848439,-0.082716,1
2,1,expert,50,0.012316,0.957407,-0.945091,-0.030277,1
2,1,expert,51,0.020094,0.937952,-0.917858,-0.041954,1
2,1,expert,52,0.040091,0.911725,-0.871635,-0.048184,1
2,1,expert,53,0.029846,0.874730,-0.844884,-0.095424,1
2,1,expert,54,0.025726,0.919505,-0.893780,-0.054769,1
2,1,expert,55,0.030676,0.875622,-0.844945,-0.093702,1
2,1,expert,56,0.009393,0.968810,-0.959417,-0.021797,1
2,1,expert,57,0.021816,0.944780,-0.922964,-0.033403,1
2,1,expert,58,0.094323,0.903373,-0.809050,-0.002305,1
2,1,expert,59,0.051536,0.940272,-0.888737,-0.008192,1
2,1,expert,60,0.011605,0.858430,-0.846825,-0.129965,1
2,1,expert,61,0.015526,0.250002,-0.234476,-0.734472,1
2,1,expert,62,0.015526,0.250000,-0.234474,-0.734474,1
2,1,expert,63,0.016880,0.866130,-0.849250,-0.116989,1
2,1,expert,64,0.038891,0.959460,-0.920569,-0.001649,1
2,1,expert,65,0.000642,0.925588,-0.924946,-0.073770,1
2,1,expert,66,0.016811,0.608288,-0.591477,-0.374901,1
2,1,expert,67,0.016235,0.804965,-0.788729,-0.178800,1
2,1,expert,68,0.001314,0.987951,-0.986637,-0.010734,1
2,1,expert,69,0.012950,0.884230,-0.871279,-0.102820,1
2,1,expert,70,0.013648,0.975248,-0.961599,-0.011104,1
2,1,expert,71,0.037518,0.525548,-0.488031,-0.436934,1
2,1,expert,72,0.038547,0.755289,-0.716742,-0.206164,1
2,1,expert,73,0.009162,0.911925,-0.902763,-0.078914,1
2,1,expert,74,0.010386,0.855678,-0.845293,-0.133936,1
2,1,expert,75,0.009399,0.641451,-0.632052,-0.349149,1
2,1,expert,76,0.016383,0.692551,-0.676168,-0.291066,1
2,1,expert,77,0.037518,0.525548,-0.488031,-0.436934,1
2,1,expert,78,0.038541,0.755111,-0.716570,-0.206348,1
2,1,expert,79,0.009163,0.911920,-0.902757,-0.078918,1
2,1,expert,80,0.010380,0.855662,-0.845282,-0.133958,1
2,1,expert,81,0.009399,0.641454,-0.632055,-0.349147,1
2,1,expert,82,0.016383,0.692557,-0.676174,-0.291061,1
2,1,expert,83,0.021052,0.847744,-0.826692,-0.131204,1
2,1,expert,84,0.143239,0.867494,-0.724255,0.010733,1
2,2,master,0,0.040770,0.860860,-0.820089,-0.098370,1
2,2,master,1,0.040051,0.860067,-0.820016,-0.099882,1
2,2,master,2,0.039143,0.861905,-0.822763,-0.098952,1
2,2,master,3,0.048468,0.797288,-0.748820,-0.154244,1
2,2,master,4,0.050495,0.773081,-0.722586,-0.176425,1
2,2,master,5,0.042224,0.830453,-0.788229,-0.127323,1
2,2,master,6,0.033611,0.845526,-0.811915,-0.120864,1
2,2,master,7,0.001963,0.980410,-0.978447,-0.017627,1
2,2,master,8,0.100566,0.887598,-0.787032,-0.011836,1
2,2,master,9,0.001240,0.965445,-0.964205,-0.033314,1
2,2,master,10,0.014620,0.959595,-0.944975,-0.025784,1
2,2,master,11,0.024191,0.874126,-0.849935,-0.101684,1
2,2,master,12,0.002086,0.993795,-0.991709,-0.004120,1
2,2,master,13,0.000432,0.999778,-0.999346,0.000210,1
2,2,master,14,0.001441,0.982690,-0.981249,-0.015868,1
2,2,master,15,0.003541,0.913836,-0.910295,-0.082623,1
2,2,master,16,0.050879,0.904431,-0.853552,-0.044690,1
2,2,master,17,0.011165,0.855031,-0.843867,-0.133804,1
2,2,master,18,0.005833,0.932200,-0.926367,-0.061967,1
2,2,master,19,0.009379,0.973305,-0.963926,-0.017316,1
2,2,master,20,0.004963,0.982639,-0.977676,-0.012397,1
2,2,master,21,0.010294,0.989707,-0.979413,0.000001,1
2,2,master,22,0.006118,0.976358,-0.970241,-0.017524,1
2,2,master,23,0.009625,0.980042,-0.970417,-0.010333,1
2,2,master,24,0.000164,0.993683,-0.993518,-0.006153,1
2,2,master,25,0.016500,0.984604,-0.968104,0.001104,1
2,2,master,26,0.028705,0.985338,-0.956633,0.014044,1
2,2,master,27,0.000969,0.994043,-0.993074,-0.004988,1
2,2,master,28,0.014228,0.972468,-0.958240,-0.013304,1
2,2,master,29,0.004637,0.989205,-0.984567,-0.006158,1
2,2,master,30,0.001288,0.986431,-0.985143,-0.012282,1
2,2,master,31,0.006806,0.962882,-0.956076,-0.030312,1
2,2,master,32,0.006825,0.963439,-0.956614,-0.029737,1
2,2,master,33,0.011409,0.953406,-0.941997,-0.035185,1
2,2,master,34,0.032800,0.951866,-0.919066,-0.015333,1
2,2,master,35,0.010547,0.949185,-0.938638,-0.040268,1
2,2,master,36,0.016983,0.931395,-0.914411,-0.051622,1
2,2,master,37,0.022525,0.943483,-0.920958,-0.033992,1
2,2,master,38,0.015262,0.962933,-0.947671,-0.021805,1
2,2,master,39,0.008366,0.960017,-0.951651,-0.031617,1
2,2,master,40,0.011944,0.946200,-0.934256,-0.041856,1
2,2,master,41,0.031809,0.920157,-0.888348,-0.048033,1
2,2,master,42,0.024870,0.929451,-0.904582,-0.045679,1
2,2,master,43,0.021129,0.963668,-0.942539,-0.015203,1
2,2,master,44,0.009450,0.948365,-0.938915,-0.042185,1
2,2,master,45,0.005373,0.990761,-0.985387,-0.003866,1
2,2,master,46,0.008410,0.967412,-0.959002,-0.024178,1
2,2,master,47,0.029344,0.962990,-0.933646,-0.007667,1
2,2,master,48,0.004766,0.968176,-0.963410,-0.027058,1
2,2,master,49,0.015046,0.935188,-0.920143,-0.049766,1
2,2,master,50,0.023414,0.942797,-0.919383,-0.033789,1
2,2,master,51,0.015199,0.960357,-0.945158,-0.024444,1
2,2,master,52,0.006518,0.971298,-0.964780,-0.022184,1
2,2,master,53,0.009861,0.952408,-0.942547,-0.037731,1
2,2,master,54,0.024270,0.929818,-0.905548,-0.045912,1
2,2,master,55,0.022781,0.927341,-0.904560,-0.049877,1
2,2,master,56,0.018841,0.964482,-0.945640,-0.016677,1
2,2,master,57,0.009744,0.955748,-0.946004,-0.034507,1
2,2,master,58,0.027731,0.975171,-0.947441,0.002902,1
2,2,master,59,0.003732,0.970957,-0.967225,-0.025311,1
2,2,master,60,0.005784,0.972858,-0.967074,-0.021358,1
2,2,master,61,0.010914,0.982747,-0.971833,-0.006340,1
2,2,master,62,0.000000,0.000000,0.000000,-1.000000,1
2,2,master,63,0.002974,0.942162,-0.939188,-0.054864,1
2,2,master,64,0.001013,0.996559,-0.995546,-0.002428,1
2,2,master,65,0.000131,0.971297,-0.971166,-0.028572,1
2,2,master,66,0.000769,0.895124,-0.894355,-0.104106,1
2,2,master,67,0.002240,0.803300,-0.801059,-0.194460,1
2,2,master,68,0.000400,0.968597,-0.968197,-0.031003,1
2,2,master,69,0.001188,0.967004,-0.965816,-0.031808,1
2,2,master,70,0.000694,0.936751,-0.936056,-0.062555,1
2,2,master,71,0.006391,0.871453,-0.865062,-0.122156,1
2,2,master,72,0.003698,0.889327,-0.885629,-0.106974,1
2,2,master,73,0.001021,0.864518,-0.863496,-0.134461,1
2,2,master,74,0.001731,0.851205,-0.849474,-0.147064,1
2,2,master,75,0.000881,0.898251,-0.897370,-0.100868,1
2,2,master,76,0.000357,0.982743,-0.982386,-0.016900,1
2,2,master,77,0.006391,0.871453,-0.865062,-0.122156,1
2,2,master,78,0.003698,0.889327,-0.885629,-0.106974,1
2,2,master,79,0.001020,0.864600,-0.863580,-0.134380,1
2,2,master,80,0.001731,0.851204,-0.849473,-0.147064,1
2,2,master,81,0.000881,0.898252,-0.897371,-0.100868,1
2,2,master,82,0.000361,0.982716,-0.982355,-0.016924,1
2,2,master,83,0.087927,0.639858,-0.551931,-0.272216,1
2,2,master,84,0.000258,0.990739,-0.990481,-0.009003,1
2,2,expert,0,0.005590,0.891275,-0.885685,-0.103136,1
2,2,expert,1,0.005320,0.889855,-0.884536,-0.104825,1
2,2,expert,2,0.006825,0.898730,-0.891905,-0.094444,1
2,2,expert,3,0.031826,0.880636,-0.848810,-0.087538,1
2,2,expert,4,0.032051,0.868303,-0.836251,-0.099646,1
2,2,expert,5,0.038266,0.893017,-0.854752,-0.068717,1
2,2,expert,6,0.026644,0.879793,-0.853149,-0.093562,1
2,2,expert,7,0.013821,0.924716,-0.910895,-0.061463,1
2,2,expert,8,0.066434,0.936531,-0.870098,0.002965,1
2,2,expert,9,0.028887,0.955322,-0.926435,-0.015791,1
2,2,expert,10,0.078591,0.956447,-0.877855,0.035038,1
2,2,expert,11,0.009286,0.915208,-0.905922,-0.075507,1
2,2,expert,12,0.010100,0.819974,-0.809874,-0.169926,1
2,2,expert,13,0.023035,0.966773,-0.943738,-0.010192,1
2,2,expert,14,0.039561,0.959292,-0.919731,-0.001147,1
2,2,expert,15,0.025717,0.946740,-0.921023,-0.027543,1
2,2,expert,16,0.099894,0.877797,-0.777903,-0.022310,1
2,2,expert,17,0.086925,0.734503,-0.647578,-0.178572,1
2,2,expert,18,0.065023,0.791089,-0.726067,-0.143888,1
2,2,expert,19,0.082872,0.938217,-0.855345,0.021089,1
2,2,expert,20,0.056464,0.948302,-0.891838,0.004766,1
2,2,expert,21,0.014758,0.956617,-0.941859,-0.028625,1
2,2,expert,22,0.021076,0.935022,-0.913945,-0.043902,1
2,2,expert,23,0.017545,0.954710,-0.937165,-0.027745,1
2,2,expert,24,0.038881,0.942022,-0.903142,-0.019097,1
2,2,expert,25,0.003438,0.965298,-0.961861,-0.031264,1
2,2,expert,26,0.045511,0.903397,-0.857885,-0.051092,1
2,2,expert,27,0.003861,0.992166,-0.988304,-0.003973,1
2,2,expert,28,0.046671,0.952223,-0.905552,-0.001106,1
2,2,expert,29,0.063217,0.909688,-0.846471,-0.027094,1
2,2,expert,30,0.013302,0.979592,-0.966290,-0.007106,1
2,2,expert,31,0.009003,0.972954,-0.963951,-0.018043,1
2,2,expert,32,0.000851,0.909359,-0.908508,-0.089791,1
2,2,expert,33,0.001648,0.949897,-0.948249,-0.048455,1
2,2,expert,34,0.004344,0.926043,-0.921699,-0.069613,1
2,2,expert,35,0.005355,0.907984,-0.902630,-0.086661,1
2,2,expert,36,0.003204,0.941049,-0.937845,-0.055748,1
2,2,expert,37,0.000666,0.926990,-0.926324,-0.072344,1
2,2,expert,38,0.011097,0.976133,-0.965036,-0.012771,1
2,2,expert,39,0.020159,0.912773,-0.892614,-0.067068,1
2,2,expert,40,0.012127,0.950962,-0.938835,-0.036911,1
2,2,expert,41,0.008153,0.969166,-0.961013,-0.022680,1
2,2,expert,42,0.011860,0.949065,-0.937205,-0.039075,1
2,2,expert,43,0.006896,0.920734,-0.913839,-0.072370,1
2,2,expert,44,0.011724,0.981793,-0.970069,-0.006483,1
2,2,expert,45,0.002898,0.964860,-0.961962,-0.032241,1
2,2,expert,46,0.008494,0.985386,-0.976892,-0.006120,1
2,2,expert,47,0.010650,0.946869,-0.936219,-0.042481,1
2,2,expert,48,0.006664,0.946191,-0.939526,-0.047145,1
2,2,expert,49,0.003528,0.952537,-0.949009,-0.043936,1
2,2,expert,50,0.002846,0.940337,-0.937491,-0.056817,1
2,2,expert,51,0.016316,0.955286,-0.938970,-0.028398,1
2,2,expert,52,0.018459,0.928915,-0.910456,-0.052626,1
2,2,expert,53,0.019371,0.964556,-0.945184,-0.016073,1
2,2,expert,54,0.019109,0.983537,-0.964427,0.002646,1
2,2,expert,55,0.011047,0.955633,-0.944587,-0.033320,1
2,2,expert,56,0.009380,0.955125,-0.945744,-0.035495,1
2,2,expert,57,0.009908,0.968426,-0.958518,-0.021666,1
2,2,expert,58,0.028735,0.936685,-0.907950,-0.034580,1
2,2,expert,59,0.013966,0.965566,-0.951600,-0.020468,1
2,2,expert,60,0.016900,0.919821,-0.902921,-0.063279,1
2,2,expert,61,0.001005,0.995591,-0.994586,-0.003403,1
2,2,expert,62,0.000000,0.000000,0.000000,-1.000000,1
2,2,expert,63,0.021894,0.944763,-0.922869,-0.033343,1
2,2,expert,64,0.032383,0.934407,-0.902024,-0.033211,1
2,2,expert,65,0.005909,0.930713,-0.924804,-0.063378,1
2,2,expert,66,0.023607,0.856275,-0.832668,-0.120118,1
2,2,expert,67,0.008850,0.574451,-0.565601,-0.416699,1
2,2,expert,68,0.020194,0.964108,-0.943914,-0.015699,1
2,2,expert,69,0.005489,0.943485,-0.937996,-0.051025,1
2,2,expert,70,0.008444,0.898944,-0.890500,-0.092611,1
2,2,expert,71,0.068570,0.654622,-0.586053,-0.276808,1
2,2,expert,72,0.042094,0.690912,-0.648818,-0.266994,1
2,2,expert,73,0.009444,0.852226,-0.842783,-0.138330,1
2,2,expert,74,0.002065,0.899834,-0.897769,-0.098100,1
2,2,expert,75,0.000599,0.908262,-0.907662,-0.091139,1
2,2,expert,76,0.008278,0.860764,-0.852486,-0.130958,1
2,2,expert,77,0.068570,0.654622,-0.586053,-0.276808,1
2,2,expert,78,0.042094,0.690912,-0.648818,-0.266994,1
2,2,expert,79,0.009450,0.852056,-0.842606,-0.138493,1
2,2,expert,80,0.002065,0.899834,-0.897769,-0.098101,1
2,2,expert,81,0.000599,0.908261,-0.907662,-0.091139,1
2,2,expert,82,0.008260,0.860841,-0.852581,-0.130899,1
2,2,expert,83,0.021052,0.847744,-0.826692,-0.131204,1
2,2,expert,84,0.143239,0.867494,-0.724255,0.010733,1
3,0,master,0,0.053113,0.870415,-0.817302,-0.076472,1
3,0,master,1,0.052861,0.869305,-0.816444,-0.077834,1
3,0,master,2,0.050853,0.860220,-0.809367,-0.088927,1
3,0,master,3,0.090894,0.690332,-0.599439,-0.218774,1
3,0,master,4,0.086014,0.687769,-0.601755,-0.226217,1
3,0,master,5,0.082089,0.677100,-0.595012,-0.240811,1
3,0,master,6,0.090249,0.709517,-0.619268,-0.200233,1
3,0,master,7,0.007798,0.981495,-0.973698,-0.010707,1
3,0,master,8,0.047859,0.948476,-0.900617,-0.003665,1
3,0,master,9,0.008581,0.964139,-0.955558,-0.027280,1
3,0,master,10,0.009056,0.979035,-0.969979,-0.011909,1
3,0,master,11,0.048753,0.795111,-0.746358,-0.156136,1
3,0,master,12,0.000847,0.937160,-0.936312,-0.061993,1
3,0,master,13,0.005998,0.976614,-0.970616,-0.017388,1
3,0,master,14,0.011364,0.994409,-0.983045,0.005773,1
3,0,master,15,0.003174,0.953103,-0.949929,-0.043723,1
3,0,master,16,0.076917,0.894120,-0.817203,-0.028962,1
3,0,master,17,0.037949,0.800207,-0.762258,-0.161843,1
3,0,master,18,0.035774,0.860770,-0.824995,-0.103456,1
3,0,master,19,0.000025,0.998883,-0.998858,-0.001092,1
3,0,master,20,0.047514,0.965595,-0.918081,0.013109,1
3,0,master,21,0.064863,0.966204,-0.901341,0.031067,1
3,0,master,22,0.070462,0.957345,-0.886883,0.027807,1
3,0,master,23,0.013797,0.963806,-0.950009,-0.022397,1
3,0,master,24,0.000000,0.995337,-0.995336,-0.004663,1
3,0,master,25,0.027535,0.987299,-0.959764,0.014835,1
3,0,master,26,0.002802,0.996138,-0.993336,-0.001060,1
3,0,master,27,0.010341,0.961069,-0.950728,-0.028591,1
3,0,master,28,0.030719,0.961490,-0.930770,-0.007791,1
3,0,master,29,0.000628,0.976031,-0.975403,-0.023341,1
3,0,master,30,0.000066,0.989154,-0.989088,-0.010780,1
3,0,master,31,0.008379,0.991894,-0.983514,0.000273,1
3,0,master,32,0.019504,0.871365,-0.851861,-0.109131,1
3,0,master,33,0.020159,0.934176,-0.914017,-0.045664,1
3,0,master,34,0.032781,0.885773,-0.852992,-0.081446,1
3,0,master,35,0.042885,0.966482,-0.923597,0.009367,1
3,0,master,36,0.053986,0.939295,-0.885309,-0.006719,1
3,0,master,37,0.042536,0.932796,-0.890260,-0.024669,1
3,0,master,38,0.048149,0.956218,-0.908069,0.004366,1
3,0,master,39,0.046838,0.946911,-0.900073,-0.006252,1
3,0,master,40,0.034464,0.949683,-0.915219,-0.015853,1
3,0,master,41,0.033964,0.949671,-0.915706,-0.016365,1
3,0,master,42,0.040682,0.919004,-0.878322,-0.040314,1
3,0,master,43,0.059176,0.925674,-0.866497,-0.015150,1
3,0,master,44,0.047805,0.939813,-0.892008,-0.012382,1
3,0,master,45,0.020787,0.826398,-0.805611,-0.152814,1
3,0,master,46,0.019055,0.930258,-0.911203,-0.050686,1
3,0,master,47,0.034335,0.886155,-0.851821,-0.079510,1
3,0,master,48,0.052318,0.948375,-0.896056,0.000693,1
3,0,master,49,0.055221,0.949773,-0.894552,0.004993,1
3,0,master,50,0.036197,0.944926,-0.908729,-0.018877,1
3,0,master,51,0.041316,0.953299,-0.911983,-0.005385,1
3,0,master,52,0.041119,0.948943,-0.907824,-0.009938,1
3,0,master,53,0.035247,0.955164,-0.919918,-0.009589,1
3,0,master,54,0.033886,0.948291,-0.914405,-0.017823,1
3,0,master,55,0.034523,0.927769,-0.893246,-0.037709,1
3,0,master,56,0.062281,0.931662,-0.869381,-0.006057,1
3,0,master,57,0.043672,0.942318,-0.898646,-0.014010,1
3,0,master,58,0.094307,0.947512,-0.853205,0.041819,1
3,0,master,59,0.011879,0.949044,-0.937166,-0.039077,1
3,0,master,60,0.002721,0.941087,-0.938366,-0.056192,1
3,0,master,61,0.003796,0.500000,-0.496204,-0.496204,1
3,0,master,62,0.003796,0.500040,-0.496243,-0.496164,1
3,0,master,63,0.004466,0.954496,-0.950029,-0.041038,1
3,0,master,64,0.033937,0.933572,-0.899635,-0.032491,1
3,0,master,65,0.000836,0.974980,-0.974144,-0.024184,1
3,0,master,66,0.002298,0.935030,-0.932732,-0.062672,1
3,0,master,67,0.000925,0.925443,-0.924518,-0.073632,1
3,0,master,68,0.000036,0.997341,-0.997306,-0.002623,1
3,0,master,69,0.000425,0.924322,-0.923898,-0.075253,1
3,0,master,70,0.002595,0.965400,-0.962805,-0.032005,1
3,0,master,71,0.009396,0.773119,-0.763723,-0.217485,1
3,0,master,72,0.002085,0.975266,-0.973181,-0.022650,1
3,0,master,73,0.033052,0.851038,-0.817986,-0.115910,1
3,0,master,74,0.031564,0.874610,-0.843047,-0.093826,1
3,0,master,75,0.022793,0.951873,-0.929080,-0.025333,1
3,0,master,76,0.006913,0.973219,-0.966306,-0.019867,1
3,0,master,77,0.009396,0.773119,-0.763723,-0.217485,1
3,0,master,78,0.002084,0.975256,-0.973172,-0.022660,1
3,0,master,79,0.033051,0.851040,-0.817988,-0.115909,1
3,0,master,80,0.031563,0.874612,-0.843048,-0.093825,1
3,0,master,81,0.022798,0.951874,-0.929076,-0.025329,1
3,0,master,82,0.006922,0.972928,-0.966005,-0.020150,1
3,0,master,83,0.053679,0.632690,-0.579011,-0.313631,1
3,0,master,84,0.001655,0.985403,-0.983748,-0.012941,1
3,0,expert,0,0.015604,0.872292,-0.856688,-0.112105,1
3,0,expert,1,0.014871,0.876962,-0.862091,-0.108167,1
3,0,expert,2,0.016937,0.856349,-0.839412,-0.126714,1
3,0,expert,3,0.039606,0.792106,-0.752501,-0.168288,1
3,0,expert,4,0.039342,0.785408,-0.746066,-0.175250,1
3,0,expert,5,0.040454,0.752391,-0.711937,-0.207155,1
3,0,expert,6,0.034085,0.840306,-0.806221,-0.125608,1
3,0,expert,7,0.012458,0.950627,-0.938169,-0.036915,1
3,0,expert,8,0.081993,0.939395,-0.857403,0.021388,1
3,0,expert,9,0.040057,0.918274,-0.878217,-0.041669,1
3,0,expert,10,0.065479,0.932029,-0.866550,-0.002491,1
3,0,expert,11,0.023174,0.877420,-0.854245,-0.099406,1
3,0,expert,12,0.012292,0.798584,-0.786292,-0.189123,1
3,0,expert,13,0.040570,0.945743,-0.905174,-0.013687,1
3,0,expert,14,0.049364,0.947821,-0.898457,-0.002814,1
3,0,expert,15,0.023454,0.860274,-0.836820,-0.116271,1
3,0,expert,16,0.096207,0.918359,-0.822152,0.014566,1
3,0,expert,17,0.082685,0.761656,-0.678971,-0.155659,1
3,0,expert,18,0.081091,0.808227,-0.727136,-0.110683,1
3,0,expert,19,0.042543,0.906593,-0.864050,-0.050864,1
3,0,expert,20,0.062635,0.902538,-0.839903,-0.034827,1
3,0,expert,21,0.008981,0.974288,-0.965307,-0.016732,1
3,0,expert,22,0.026879,0.954858,-0.927979,-0.018263,1
3,0,expert,23,0.001970,0.953342,-0.951371,-0.044688,1
3,0,expert,24,0.055589,0.930917,-0.875327,-0.013494,1
3,0,expert,25,0.010645,0.983393,-0.972748,-0.005962,1
3,0,expert,26,0.029730,0.970627,-0.940897,0.000356,1
3,0,expert,27,0.021048,0.943418,-0.922370,-0.035534,1
3,0,expert,28,0.034564,0.948793,-0.914229,-0.016643,1
3,0,expert,29,0.058193,0.921872,-0.863679,-0.019935,1
3,0,expert,30,0.060903,0.944169,-0.883266,0.005072,1
3,0,expert,31,0.023589,0.964731,-0.941142,-0.011680,1
3,0,expert,32,0.004123,0.697986,-0.693863,-0.297892,1
3,0,expert,33,0.009195,0.835900,-0.826705,-0.154905,1
3,0,expert,34,0.015642,0.784124,-0.768482,-0.200234,1
3,0,expert,35,0.024042,0.957758,-0.933716,-0.018199,1
3,0,expert,36,0.040663,0.947571,-0.906908,-0.011766,1
3,0,expert,37,0.053786,0.923395,-0.869609,-0.022819,1
3,0,expert,38,0.015517,0.909730,-0.894213,-0.074753,1
3,0,expert,39,0.020398,0.949111,-0.928712,-0.030491,1
3,0,expert,40,0.031840,0.911827,-0.879987,-0.056333,1
3,0,expert,41,0.030782,0.884553,-0.853771,-0.084665,1
3,0,expert,42,0.021465,0.884422,-0.862957,-0.094113,1
3,0,expert,43,0.018052,0.881619,-0.863567,-0.100329,1
3,0,expert,44,0.041568,0.917746,-0.876178,-0.040686,1
3,0,expert,45,0.005494,0.663520,-0.658026,-0.330986,1
3,0,expert,46,0.012935,0.829866,-0.816931,-0.157198,1
3,0,expert,47,0.022454,0.785341,-0.762887,-0.192206,1
3,0,expert,48,0.030026,0.948925,-0.918898,-0.021049,1
3,0,expert,49,0.053867,0.956361,-0.902494,0.010228,1
3,0,expert,50,0.071632,0.923715,-0.852082,-0.004653,1
3,0,expert,51,0.023494,0.904116,-0.880622,-0.072389,1
3,0,expert,52,0.035319,0.951177,-0.915859,-0.013504,1
3,0,expert,53,0.042173,0.906240,-0.864068,-0.051587,1
3,0,expert,54,0.040034,0.877254,-0.837220,-0.082711,1
3,0,expert,55,0.031012,0.884756,-0.853743,-0.084232,1
3,0,expert,56,0.030580,0.909345,-0.878765,-0.060075,1
3,0,expert,57,0.051253,0.899889,-0.848636,-0.048859,1
3,0,expert,58,0.066706,0.953920,-0.887214,0.020626,1
3,0,expert,59,0.039665,0.877680,-0.838015,-0.082655,1
3,0,expert,60,0.004901,0.844227,-0.839327,-0.150872,1
3,0,expert,61,0.007540,0.500000,-0.492460,-0.492460,1
3,0,expert,62,0.007540,0.500014,-0.492474,-0.492445,1
3,0,expert,63,0.087432,0.927629,-0.840197,0.015061,1
3,0,expert,64,0.015148,0.953026,-0.937878,-0.031826,1
3,0,expert,65,0.006027,0.951110,-0.945084,-0.042863,1
3,0,expert,66,0.011306,0.894132,-0.882826,-0.094562,1
3,0,expert,67,0.002408,0.893625,-0.891218,-0.103967,1
3,0,expert,68,0.021555,0.971794,-0.950240,-0.006651,1
3,0,expert,69,0.018887,0.899801,-0.880914,-0.081312,1
3,0,expert,70,0.006310,0.902087,-0.895777,-0.091602,1
3,0,expert,71,0.046075,0.628994,-0.582919,-0.324931,1
3,0,expert,72,0.032075,0.777054,-0.744979,-0.190870,1
3,0,expert,73,0.000986,0.964007,-0.963021,-0.035008,1
3,0,expert,74,0.002078,0.977431,-0.975353,-0.020491,1
3,0,expert,75,0.001872,0.973369,-0.971497,-0.024759,1
3,0,expert,76,0.022601,0.936594,-0.913993,-0.040805,1
3,0,expert,77,0.046075,0.628994,-0.582919,-0.324931,1
3,0,expert,78,0.032078,0.777042,-0.744964,-0.190880,1
3,0,expert,79,0.000986,0.964006,-0.963021,-0.035008,1
3,0,expert,80,0.002078,0.977429,-0.975352,-0.020493,1
3,0,expert,81,0.001871,0.973367,-0.971496,-0.024763,1
3,0,expert,82,0.022650,0.937210,-0.914559,-0.040140,1
3,0,expert,83,0.022169,0.798977,-0.776808,-0.178854,1
3,0,expert,84,0.154581,0.866340,-0.711759,0.020921,1
3,1,master,0,0.050723,0.853874,-0.803151,-0.095402,1
3,1,master,1,0.050695,0.850244,-0.799549,-0.099061,1
3,1,master,2,0.047285,0.855225,-0.807940,-0.097490,1
3,1,master,3,0.015649,0.990705,-0.975056,0.006354,1
3,1,master,4,0.014784,0.984979,-0.970195,-0.000237,1
3,1,master,5,0.009650,0.920619,-0.910968,-0.069731,1
3,1,master,6,0.011316,0.973240,-0.961924,-0.015444,1
3,1,master,7,0.004044,0.997877,-0.993833,0.001921,1
3,1,master,8,0.048762,0.913443,-0.864682,-0.037795,1
3,1,master,9,0.000665,0.915340,-0.914675,-0.083995,1
3,1,master,10,0.004356,0.987190,-0.982835,-0.008454,1
3,1,master,11,0.009780,0.886142,-0.876363,-0.104078,1
3,1,master,12,0.003823,0.963070,-0.959247,-0.033107,1
3,1,master,13,0.021172,0.982141,-0.960969,0.003313,1
3,1,master,14,0.027579,0.969174,-0.941595,-0.003248,1
3,1,master,15,0.031833,0.981395,-0.949562,0.013228,1
3,1,master,16,0.000258,0.948860,-0.948602,-0.050882,1
3,1,master,17,0.003623,0.980433,-0.976810,-0.015944,1
3,1,master,18,0.002818,0.995802,-0.992984,-0.001380,1
3,1,master,19,0.001179,0.981185,-0.980006,-0.017635,1
3,1,master,20,0.001569,0.994044,-0.992476,-0.004387,1
3,1,master,21,0.028341,0.985667,-0.957326,0.014008,1
3,1,master,22,0.000643,0.995579,-0.994936,-0.003778,1
3,1,master,23,0.005599,0.953362,-0.947763,-0.041039,1
3,1,master,24,0.000011,0.970238,-0.970227,-0.029751,1
3,1,master,25,0.034571,0.953367,-0.918797,-0.012062,1
3,1,master,26,0.000142,0.976511,-0.976369,-0.023346,1
3,1,master,27,0.012077,0.977185,-0.965108,-0.010738,1
3,1,master,28,0.048420,0.965461,-0.917041,0.013881,1
3,1,master,29,0.005445,0.988195,-0.982749,-0.006360,1
3,1,master,30,0.002541,0.993682,-0.991140,-0.003777,1
3,1,master,31,0.000006,0.997489,-0.997483,-0.002505,1
3,1,master,32,0.022989,0.892130,-0.869140,-0.084881,1
3,1,master,33,0.033797,0.843412,-0.809614,-0.122791,1
3,1,master,34,0.046813,0.910134,-0.863321,-0.043053,1
3,1,master,35,0.053889,0.931285,-0.877396,-0.014826,1
3,1,master,36,0.064697,0.922169,-0.857472,-0.013134,1
3,1,master,37,0.061774,0.928615,-0.866841,-0.009611,1
3,1,master,38,0.051766,0.939951,-0.888185,-0.008283,1
3,1,master,39,0.060788,0.947719,-0.886931,0.008507,1
3,1,master,40,0.039189,0.960305,-0.921116,-0.000506,1
3,1,master,41,0.065929,0.941001,-0.875072,0.006930,1
3,1,master,42,0.037117,0.957471,-0.920354,-0.005411,1
3,1,master,43,0.040443,0.939761,-0.899317,-0.019796,1
3,1,master,44,0.036908,0.944552,-0.907644,-0.018541,1
3,1,master,45,0.027453,0.875495,-0.848042,-0.097052,1
3,1,master,46,0.033537,0.853323,-0.819787,-0.113140,1
3,1,master,47,0.046992,0.912861,-0.865869,-0.040147,1
3,1,master,48,0.051072,0.923190,-0.872118,-0.025738,1
3,1,master,49,0.056994,0.921800,-0.864807,-0.021206,1
3,1,master,50,0.063260,0.931875,-0.868615,-0.004865,1
3,1,master,51,0.052723,0.929766,-0.877043,-0.017511,1
3,1,master,52,0.054773,0.946950,-0.892178,0.001723,1
3,1,master,53,0.035724,0.961091,-0.925366,-0.003185,1
3,1,master,54,0.061102,0.938582,-0.877480,-0.000315,1
3,1,master,55,0.031205,0.961476,-0.930271,-0.007319,1
3,1,master,56,0.037097,0.942295,-0.905199,-0.020608,1
3,1,master,57,0.031492,0.949841,-0.918349,-0.018667,1
3,1,master,58,0.036176,0.974426,-0.938250,0.010602,1
3,1,master,59,0.000001,0.954926,-0.954925,-0.045074,1
3,1,master,60,0.012090,0.933075,-0.920985,-0.054836,1
3,1,master,61,0.001896,0.500024,-0.498128,-0.498080,1
3,1,master,62,0.001896,0.500042,-0.498146,-0.498062,1
3,1,master,63,0.001663,0.988643,-0.986980,-0.009693,1
3,1,master,64,0.000424,0.993079,-0.992655,-0.006497,1
3,1,master,65,0.000099,0.952192,-0.952093,-0.047709,1
3,1,master,66,0.000239,0.998211,-0.997972,-0.001550,1
3,1,master,67,0.001614,0.941677,-0.940063,-0.056709,1
3,1,master,68,0.001662,0.952927,-0.951265,-0.045411,1
3,1,master,69,0.000109,0.980334,-0.980225,-0.019557,1
3,1,master,70,0.000054,0.949985,-0.949931,-0.049961,1
3,1,master,71,0.000621,0.902750,-0.902129,-0.096629,1
3,1,master,72,0.000319,0.996036,-0.995717,-0.003645,1
3,1,master,73,0.004850,0.856092,-0.851242,-0.139058,1
3,1,master,74,0.000740,0.908737,-0.907996,-0.090523,1
3,1,master,75,0.000406,0.993530,-0.993124,-0.006064,1
3,1,master,76,0.000394,0.998751,-0.998357,-0.000855,1
3,1,master,77,0.000621,0.902750,-0.902129,-0.096629,1
3,1,master,78,0.000319,0.996035,-0.995716,-0.003646,1
3,1,master,79,0.004849,0.856096,-0.851247,-0.139055,1
3,1,master,80,0.000742,0.908675,-0.907933,-0.090583,1
3,1,master,81,0.000406,0.993530,-0.993124,-0.006064,1
3,1,master,82,0.000394,0.998752,-0.998358,-0.000854,1
3,1,master,83,0.053679,0.632690,-0.579011,-0.313631,1
3,1,master,84,0.001655,0.985403,-0.983748,-0.012941,1
3,1,expert,0,0.026191,0.883167,-0.856976,-0.090641,1
3,1,expert,1,0.025567,0.883947,-0.858381,-0.090486,1
3,1,expert,2,0.024526,0.865497,-0.840971,-0.109977,1
3,1,expert,3,0.069329,0.801393,-0.732064,-0.129277,1
3,1,expert,4,0.068930,0.780178,-0.711249,-0.150892,1
3,1,expert,5,0.078640,0.800844,-0.722204,-0.120516,1
3,1,expert,6,0.063807,0.837900,-0.774093,-0.098293,1
3,1,expert,7,0.024497,0.905667,-0.881170,-0.069836,1
3,1,expert,8,0.114713,0.935042,-0.820330,0.049755,1
3,1,expert,9,0.069634,0.775372,-0.705738,-0.154993,1
3,1,expert,10,0.069125,0.935089,-0.865964,0.004214,1
3,1,expert,11,0.025415,0.770104,-0.744690,-0.204481,1
3,1,expert,12,0.048882,0.694163,-0.645282,-0.256955,1
3,1,expert,13,0.006299,0.878561,-0.872262,-0.115140,1
3,1,expert,14,0.029661,0.922142,-0.892481,-0.048198,1
3,1,expert,15,0.022453,0.838721,-0.816268,-0.138825,1
3,1,expert,16,0.144623,0.931829,-0.787206,0.076452,1
3,1,expert,17,0.082797,0.892328,-0.809531,-0.024875,1
3,1,expert,18,0.041387,0.981398,-0.940010,0.022785,1
3,1,expert,19,0.042603,0.962258,-0.919655,0.004861,1
3,1,expert,20,0.056377,0.946061,-0.889684,0.002438,1
3,1,expert,21,0.013578,0.978745,-0.965167,-0.007676,1
3,1,expert,22,0.040544,0.967784,-0.927240,0.008327,1
3,1,expert,23,0.014976,0.921446,-0.906470,-0.063578,1
3,1,expert,24,0.078657,0.896658,-0.818001,-0.024685,1
3,1,expert,25,0.034024,0.925216,-0.891192,-0.040760,1
3,1,expert,26,0.049149,0.927478,-0.878329,-0.023373,1
3,1,expert,27,0.014661,0.926996,-0.912335,-0.058342,1
3,1,expert,28,0.068564,0.953147,-0.884583,0.021711,1
3,1,expert,29,0.115848,0.917562,-0.801714,0.033411,1
3,1,expert,30,0.080293,0.910037,-0.829744,-0.009670,1
3,1,expert,31,0.043798,0.955375,-0.911577,-0.000827,1
3,1,expert,32,0.004751,0.870414,-0.865663,-0.124835,1
3,1,expert,33,0.017605,0.855738,-0.838133,-0.126656,1
3,1,expert,34,0.010828,0.906043,-0.895215,-0.083128,1
3,1,expert,35,0.014101,0.969658,-0.955557,-0.016241,1
3,1,expert,36,0.027932,0.925585,-0.897653,-0.046483,1
3,1,expert,37,0.010733,0.946761,-0.936028,-0.042506,1
3,1,expert,38,0.019915,0.954221,-0.934306,-0.025864,1
3,1,expert,39,0.024131,0.930982,-0.906850,-0.044887,1
3,1,expert,40,0.027721,0.950890,-0.923169,-0.021389,1
3,1,expert,41,0.029035,0.966989,-0.937955,-0.003976,1
3,1,expert,42,0.026657,0.960753,-0.934096,-0.012591,1
3,1,expert,43,0.023005,0.972115,-0.949110,-0.004879,1
3,1,expert,44,0.038471,0.951449,-0.912978,-0.010081,1
3,1,expert,45,0.010325,0.859446,-0.849121,-0.130229,1
3,1,expert,46,0.021342,0.876490,-0.855148,-0.102168,1
3,1,expert,47,0.018246,0.889061,-0.870815,-0.092694,1
3,1,expert,48,0.022762,0.949192,-0.926430,-0.028047,1
3,1,expert,49,0.038837,0.901928,-0.863091,-0.059235,1
3,1,expert,50,0.017631,0.956949,-0.939318,-0.025420,1
3,1,expert,51,0.028424,0.962125,-0.933701,-0.009451,1
3,1,expert,52,0.043468,0.947253,-0.903784,-0.009279,1
3,1,expert,53,0.028794,0.949941,-0.921147,-0.021265,1
3,1,expert,54,0.033579,0.962859,-0.929281,-0.003562,1
3,1,expert,55,0.037175,0.953495,-0.916320,-0.009330,1
3,1,expert,56,0.021987,0.974200,-0.952213,-0.003813,1
3,1,expert,57,0.046806,0.960289,-0.913484,0.007095,1
3,1,expert,58,0.083725,0.919882,-0.836157,0.003607,1
3,1,expert,59,0.049735,0.933071,-0.883335,-0.017194,1
3,1,expert,60,0.013961,0.853989,-0.840028,-0.132051,1
3,1,expert,61,0.015197,0.250005,-0.234807,-0.734798,1
3,1,expert,62,0.015198,0.250000,-0.234802,-0.734802,1
3,1,expert,63,0.027968,0.885310,-0.857342,-0.086723,1
3,1,expert,64,0.059951,0.952999,-0.893048,0.012950,1
3,1,expert,65,0.011983,0.951409,-0.939426,-0.036609,1
3,1,expert,66,0.015167,0.894812,-0.879644,-0.090021,1
3,1,expert,67,0.019596,0.814268,-0.794672,-0.166137,1
3,1,expert,68,0.003402,0.952869,-0.949467,-0.043729,1
3,1,expert,69,0.005342,0.897957,-0.892615,-0.096701,1
3,1,expert,70,0.003402,0.981750,-0.978348,-0.014848,1
3,1,expert,71,0.035603,0.677645,-0.642042,-0.286752,1
3,1,expert,72,0.033585,0.858922,-0.825337,-0.107493,1
3,1,expert,73,0.013880,0.911155,-0.897275,-0.074965,1
3,1,expert,74,0.017269,0.828924,-0.811655,-0.153807,1
3,1,expert,75,0.010869,0.899628,-0.888759,-0.089503,1
3,1,expert,76,0.022152,0.846285,-0.824133,-0.131562,1
3,1,expert,77,0.035603,0.677645,-0.642042,-0.286752,1
3,1,expert,78,0.033585,0.858922,-0.825337,-0.107493,1
3,1,expert,79,0.013881,0.911150,-0.897269,-0.074969,1
3,1,expert,80,0.017266,0.828946,-0.811680,-0.153789,1
3,1,expert,81,0.010868,0.899632,-0.888764,-0.089500,1
3,1,expert,82,0.022152,0.846288,-0.824136,-0.131560,1
3,1,expert,83,0.022169,0.798977,-0.776808,-0.178854,1
3,1,expert,84,0.154581,0.866340,-0.711759,0.020921,1
3,2,master,0,0.044380,0.845299,-0.800919,-0.110321,1
3,2,master,1,0.043643,0.845501,-0.801858,-0.110856,1
3,2,master,2,0.042797,0.838326,-0.795529,-0.118877,1
3,2,master,3,0.047141,0.801721,-0.754580,-0.151137,1
3,2,master,4,0.049034,0.781874,-0.732840,-0.169092,1
3,2,master,5,0.040661,0.822356,-0.781695,-0.136983,1
3,2,master,6,0.033406,0.835477,-0.802071,-0.131116,1
3,2,master,7,0.001847,0.959664,-0.957817,-0.038489,1
3,2,master,8,0.083059,0.896751,-0.813692,-0.020190,1
3,2,master,9,0.001953,0.982130,-0.980177,-0.015917,1
3,2,master,10,0.012866,0.956100,-0.943234,-0.031034,1
3,2,master,11,0.035384,0.824646,-0.789261,-0.139970,1
3,2,master,12,0.001466,0.977968,-0.976502,-0.020566,1
3,2,master,13,0.002073,0.998098,-0.996024,0.000171,1
3,2,master,14,0.004472,0.980877,-0.976405,-0.014651,1
3,2,master,15,0.005697,0.906950,-0.901253,-0.087354,1
3,2,master,16,0.044964,0.906898,-0.861934,-0.048138,1
3,2,master,17,0.007347,0.888426,-0.881079,-0.104228,1
3,2,master,18,0.003822,0.951506,-0.947684,-0.044673,1
3,2,master,19,0.005399,0.965031,-0.959633,-0.029570,1
3,2,master,20,0.009976,0.991010,-0.981035,0.000986,1
3,2,master,21,0.017747,0.981646,-0.963898,-0.000607,1
3,2,master,22,0.009395,0.971111,-0.961716,-0.019494,1
3,2,master,23,0.008407,0.974754,-0.966348,-0.016839,1
3,2,master,24,0.000014,0.997944,-0.997930,-0.002042,1
3,2,master,25,0.012780,0.980372,-0.967592,-0.006847,1
3,2,master,26,0.024331,0.990072,-0.965741,0.014402,1
3,2,master,27,0.000021,0.997666,-0.997645,-0.002313,1
3,2,master,28,0.009941,0.978135,-0.968194,-0.011924,1
3,2,master,29,0.001568,0.993919,-0.992351,-0.004513,1
3,2,master,30,0.000063,0.998956,-0.998893,-0.000981,1
3,2,master,31,0.004950,0.954416,-0.949466,-0.040635,1
3,2,master,32,0.014942,0.951545,-0.936603,-0.033513,1
3,2,master,33,0.017065,0.903046,-0.885980,-0.079889,1
3,2,master,34,0.037318,0.960141,-0.922823,-0.002541,1
3,2,master,35,0.013905,0.939617,-0.925713,-0.046478,1
3,2,master,36,0.019373,0.935304,-0.915930,-0.045323,1
3,2,master,37,0.024291,0.944565,-0.920274,-0.031144,1
3,2,master,38,0.017090,0.962528,-0.945438,-0.020383,1
3,2,master,39,0.017499,0.942207,-0.924708,-0.040294,1
3,2,master,40,0.014150,0.940565,-0.926414,-0.045285,1
3,2,master,41,0.036746,0.912403,-0.875656,-0.050851,1
3,2,master,42,0.022662,0.935615,-0.912953,-0.041723,1
3,2,master,43,0.029499,0.948126,-0.918627,-0.022376,1
3,2,master,44,0.005834,0.962811,-0.956977,-0.031355,1
3,2,master,45,0.012836,0.982461,-0.969626,-0.004703,1
3,2,master,46,0.012700,0.932461,-0.919761,-0.054839,1
3,2,master,47,0.031412,0.974576,-0.943164,0.005988,1
3,2,master,48,0.005414,0.965909,-0.960496,-0.028677,1
3,2,master,49,0.014514,0.945257,-0.930743,-0.040230,1
3,2,master,50,0.019910,0.948679,-0.928769,-0.031411,1
3,2,master,51,0.015352,0.956428,-0.941075,-0.028220,1
3,2,master,52,0.011793,0.955696,-0.943903,-0.032512,1
3,2,master,53,0.010421,0.946105,-0.935684,-0.043474,1
3,2,master,54,0.029672,0.913878,-0.884207,-0.056450,1
3,2,master,55,0.018184,0.927242,-0.909058,-0.054574,1
3,2,master,56,0.026342,0.953728,-0.927386,-0.019931,1
3,2,master,57,0.006460,0.967676,-0.961215,-0.025864,1
3,2,master,58,0.027537,0.971856,-0.944319,-0.000607,1
3,2,master,59,0.002867,0.988613,-0.985747,-0.008520,1
3,2,master,60,0.003303,0.974659,-0.971356,-0.022037,1
3,2,master,61,0.001896,0.500031,-0.498135,-0.498074,1
3,2,master,62,0.001896,0.500043,-0.498147,-0.498061,1
3,2,master,63,0.002913,0.947182,-0.944270,-0.049905,1
3,2,master,64,0.000300,0.999303,-0.999003,-0.000396,1
3,2,master,65,0.000135,0.975396,-0.975261,-0.024469,1
3,2,master,66,0.001470,0.947509,-0.946039,-0.051020,1
3,2,master,67,0.001708,0.799957,-0.798249,-0.198336,1
3,2,master,68,0.000068,0.975234,-0.975167,-0.024698,1
3,2,master,69,0.002235,0.973067,-0.970832,-0.024697,1
3,2,master,70,0.000023,0.940038,-0.940015,-0.059939,1
3,2,master,71,0.004201,0.916906,-0.912705,-0.078894,1
3,2,master,72,0.003076,0.877370,-0.874294,-0.119555,1
3,2,master,73,0.001869,0.857139,-0.855270,-0.140992,1
3,2,master,74,0.003387,0.811537,-0.808150,-0.185077,1
3,2,master,75,0.001964,0.854819,-0.852856,-0.143217,1
3,2,master,76,0.000387,0.985373,-0.984986,-0.014239,1
3,2,master,77,0.004201,0.916906,-0.912705,-0.078894,1
3,2,master,78,0.003076,0.877370,-0.874294,-0.119555,1
3,2,master,79,0.001867,0.857220,-0.855352,-0.140913,1
3,2,master,80,0.003387,0.811536,-0.808149,-0.185077,1
3,2,master,81,0.001964,0.854819,-0.852856,-0.143217,1
3,2,master,82,0.000391,0.985473,-0.985082,-0.014137,1
3,2,master,83,0.053679,0.632690,-0.579011,-0.313631,1
3,2,master,84,0.001655,0.985403,-0.983748,-0.012941,1
3,2,expert,0,0.014358,0.873213,-0.858854,-0.112429,1
3,2,expert,1,0.013561,0.880128,-0.866566,-0.106311,1
3,2,expert,2,0.017427,0.859211,-0.841784,-0.123361,1
3,2,expert,3,0.041282,0.854733,-0.813451,-0.103985,1
3,2,expert,4,0.038696,0.860874,-0.822178,-0.100429,1
3,2,expert,5,0.047431,0.821039,-0.773608,-0.131529,1
3,2,expert,6,0.038092,0.834136,-0.796044,-0.127773,1
3,2,expert,7,0.021580,0.913220,-0.891640,-0.065200,1
3,2,expert,8,0.095168,0.933487,-0.838319,0.028656,1
3,2,expert,9,0.036465,0.846103,-0.809638,-0.117431,1
3,2,expert,10,0.099758,0.940183,-0.840425,0.039941,1
3,2,expert,11,0.013739,0.925602,-0.911864,-0.060659,1
3,2,expert,12,0.011515,0.812598,-0.801084,-0.175887,1
3,2,expert,13,0.033297,0.960041,-0.926744,-0.006662,1
3,2,expert,14,0.041998,0.945910,-0.903913,-0.012092,1
3,2,expert,15,0.033145,0.935680,-0.902535,-0.031175,1
3,2,expert,16,0.119565,0.884649,-0.765083,0.004214,1
3,2,expert,17,0.065435,0.754895,-0.689459,-0.179670,1
3,2,expert,18,0.038980,0.810844,-0.771864,-0.150175,1
3,2,expert,19,0.051539,0.935352,-0.883813,-0.013108,1
3,2,expert,20,0.031433,0.948881,-0.917448,-0.019686,1
3,2,expert,21,0.007891,0.943201,-0.935310,-0.048908,1
3,2,expert,22,0.014266,0.920893,-0.906627,-0.064841,1
3,2,expert,23,0.004525,0.977817,-0.973292,-0.017658,1
3,2,expert,24,0.032798,0.966855,-0.934057,-0.000347,1
3,2,expert,25,0.003656,0.963513,-0.959857,-0.032831,1
3,2,expert,26,0.075793,0.933769,-0.857976,0.009562,1
3,2,expert,27,0.017319,0.981960,-0.964641,-0.000721,1
3,2,expert,28,0.075083,0.956143,-0.881060,0.031226,1
3,2,expert,29,0.058096,0.933064,-0.874968,-0.008840,1
3,2,expert,30,0.017303,0.977872,-0.960569,-0.004825,1
3,2,expert,31,0.020903,0.979563,-0.958660,0.000466,1
3,2,expert,32,0.006068,0.967608,-0.961540,-0.026324,1
3,2,expert,33,0.007914,0.901615,-0.893702,-0.090471,1
3,2,expert,34,0.012458,0.929717,-0.917259,-0.057825,1
3,2,expert,35,0.014738,0.937432,-0.922694,-0.047830,1
3,2,expert,36,0.011566,0.950226,-0.938661,-0.038208,1
3,2,expert,37,0.003814,0.952004,-0.948189,-0.044182,1
3,2,expert,38,0.019937,0.960920,-0.940983,-0.019143,1
3,2,expert,39,0.008283,0.949909,-0.941626,-0.041808,1
3,2,expert,40,0.028371,0.965766,-0.937394,-0.005863,1
3,2,expert,41,0.007813,0.986902,-0.979088,-0.005285,1
3,2,expert,42,0.020360,0.970664,-0.950304,-0.008976,1
3,2,expert,43,0.016751,0.947478,-0.930727,-0.035770,1
3,2,expert,44,0.017727,0.962678,-0.944951,-0.019595,1
3,2,expert,45,0.006724,0.967194,-0.960470,-0.026082,1
3,2,expert,46,0.013865,0.907709,-0.893844,-0.078426,1
3,2,expert,47,0.018752,0.938179,-0.919426,-0.043069,1
3,2,expert,48,0.017248,0.950560,-0.933311,-0.032192,1
3,2,expert,49,0.012549,0.956056,-0.943508,-0.031395,1
3,2,expert,50,0.005009,0.969125,-0.964116,-0.025865,1
3,2,expert,51,0.026751,0.975455,-0.948704,0.002207,1
3,2,expert,52,0.011140,0.954826,-0.943686,-0.034034,1
3,2,expert,53,0.034681,0.972227,-0.937545,0.006908,1
3,2,expert,54,0.014052,0.968084,-0.954032,-0.017864,1
3,2,expert,55,0.022243,0.974355,-0.952112,-0.003403,1
3,2,expert,56,0.019433,0.966113,-0.946680,-0.014454,1
3,2,expert,57,0.011547,0.969022,-0.957475,-0.019431,1
3,2,expert,58,0.025928,0.983452,-0.957524,0.009381,1
3,2,expert,59,0.016811,0.971349,-0.954538,-0.011841,1
3,2,expert,60,0.025861,0.932152,-0.906291,-0.041986,1
3,2,expert,61,0.015198,0.250000,-0.234802,-0.734802,1
3,2,expert,62,0.015198,0.250003,-0.234805,-0.734800,1
3,2,expert,63,0.034002,0.920477,-0.886475,-0.045522,1
3,2,expert,64,0.037861,0.950596,-0.912736,-0.011543,1
3,2,expert,65,0.002604,0.977454,-0.974850,-0.019942,1
3,2,expert,66,0.018020,0.885854,-0.867834,-0.096126,1
3,2,expert,67,0.008990,0.562730,-0.553740,-0.428280,1
3,2,expert,68,0.003157,0.919095,-0.915938,-0.077748,1
3,2,expert,69,0.020888,0.938192,-0.917304,-0.040921,1
3,2,expert,70,0.003202,0.819844,-0.816643,-0.176954,1
3,2,expert,71,0.033493,0.782192,-0.748700,-0.184315,1
3,2,expert,72,0.029130,0.713905,-0.684775,-0.256964,1
3,2,expert,73,0.016672,0.804320,-0.787647,-0.179008,1
3,2,expert,74,0.005671,0.883573,-0.877903,-0.110756,1
3,2,expert,75,0.002094,0.923844,-0.921751,-0.074062,1
3,2,expert,76,0.006988,0.920459,-0.913472,-0.072553,1
3,2,expert,77,0.033493,0.782192,-0.748700,-0.184315,1
3,2,expert,78,0.029130,0.713905,-0.684775,-0.256964,1
3,2,expert,79,0.016678,0.804166,-0.787488,-0.179156,1
3,2,expert,80,0.005671,0.883574,-0.877903,-0.110756,1
3,2,expert,81,0.002094,0.923845,-0.921751,-0.074062,1
3,2,expert,82,0.006985,0.920580,-0.913595,-0.072435,1
3,2,expert,83,0.022169,0.798977,-0.776808,-0.178854,1
3,2,expert,84,0.154581,0.866340,-0.711759,0.020921,1
4,0,master,0,0.045407,0.884578,-0.839171,-0.070014,1
4,0,master,1,0.044780,0.886746,-0.841966,-0.068474,1
4,0,master,2,0.043099,0.873555,-0.830456,-0.083346,1
4,0,master,3,0.080833,0.759358,-0.678525,-0.159809,1
4,0,master,4,0.081148,0.734238,-0.653091,-0.184614,1
4,0,master,5,0.065053,0.793540,-0.728487,-0.141406,1
4,0,master,6,0.085195,0.763670,-0.678475,-0.151134,1
4,0,master,7,0.009688,0.983849,-0.974161,-0.006462,1
4,0,master,8,0.062364,0.939472,-0.877108,0.001836,1
4,0,master,9,0.008242,0.927658,-0.919416,-0.064100,1
4,0,master,10,0.017027,0.978247,-0.961221,-0.004726,1
4,0,master,11,0.048310,0.829091,-0.780780,-0.122599,1
4,0,master,12,0.000102,0.903832,-0.903730,-0.096065,1
4,0,master,13,0.005838,0.978842,-0.973004,-0.015320,1
4,0,master,14,0.010422,0.989455,-0.979033,-0.000123,1
4,0,master,15,0.002221,0.967019,-0.964798,-0.030761,1
4,0,master,16,0.091120,0.877648,-0.786528,-0.031232,1
4,0,master,17,0.042538,0.764372,-0.721834,-0.193090,1
4,0,master,18,0.046889,0.829037,-0.782147,-0.124074,1
4,0,master,19,0.000370,0.992010,-0.991640,-0.007620,1
4,0,master,20,0.050558,0.958142,-0.907583,0.008700,1
4,0,master,21,0.087869,0.949141,-0.861272,0.037010,1
4,0,master,22,0.095165,0.956199,-0.861034,0.051363,1
4,0,master,23,0.016733,0.956319,-0.939586,-0.026949,1
4,0,master,24,0.001320,0.990697,-0.989377,-0.007983,1
4,0,master,25,0.034946,0.984953,-0.950007,0.019899,1
4,0,master,26,0.006967,0.997073,-0.990106,0.004040,1
4,0,master,27,0.010420,0.966217,-0.955797,-0.023363,1
4,0,master,28,0.033079,0.962090,-0.929012,-0.004831,1
4,0,master,29,0.005549,0.968411,-0.962862,-0.026040,1
4,0,master,30,0.000081,0.984726,-0.984645,-0.015193,1
4,0,master,31,0.007882,0.987416,-0.979534,-0.004702,1
4,0,master,32,0.015939,0.975267,-0.959328,-0.008793,1
4,0,master,33,0.020535,0.961799,-0.941263,-0.017666,1
4,0,master,34,0.031244,0.973008,-0.941764,0.004251,1
4,0,master,35,0.050913,0.968554,-0.917642,0.019467,1
4,0,master,36,0.060050,0.967402,-0.907352,0.027453,1
4,0,master,37,0.038938,0.960218,-0.921280,-0.000843,1
4,0,master,38,0.048527,0.979923,-0.931396,0.028450,1
4,0,master,39,0.051702,0.947729,-0.896027,-0.000569,1
4,0,master,40,0.039068,0.958331,-0.919262,-0.002601,1
4,0,master,41,0.042143,0.965573,-0.923430,0.007716,1
4,0,master,42,0.043382,0.947661,-0.904279,-0.008957,1
4,0,master,43,0.065623,0.949509,-0.883886,0.015132,1
4,0,master,44,0.052627,0.944597,-0.891970,-0.002776,1
4,0,master,45,0.017391,0.991977,-0.974586,0.009369,1
4,0,master,46,0.018475,0.965962,-0.947487,-0.015564,1
4,0,master,47,0.035090,0.971204,-0.936114,0.006293,1
4,0,master,48,0.055602,0.954808,-0.899206,0.010410,1
4,0,master,49,0.062842,0.967324,-0.904482,0.030166,1
4,0,master,50,0.029519,0.969963,-0.940444,-0.000518,1
4,0,master,51,0.041145,0.971988,-0.930843,0.013133,1
4,0,master,52,0.043253,0.951841,-0.908587,-0.004906,1
4,0,master,53,0.038530,0.961777,-0.923247,0.000307,1
4,0,master,54,0.039866,0.966062,-0.926196,0.005928,1
4,0,master,55,0.038646,0.949883,-0.911237,-0.011471,1
4,0,master,56,0.065258,0.952354,-0.887096,0.017612,1
4,0,master,57,0.046982,0.950473,-0.903491,-0.002545,1
4,0,master,58,0.128099,0.923155,-0.795056,0.051253,1
4,0,master,59,0.022550,0.953435,-0.930885,-0.024015,1
4,0,master,60,0.007188,0.944449,-0.937261,-0.048364,1
4,0,master,61,0.003796,0.500000,-0.496204,-0.496204,1
4,0,master,62,0.003796,0.500040,-0.496243,-0.496164,1
4,0,master,63,0.003208,0.975065,-0.971857,-0.021726,1
4,0,master,64,0.045242,0.924565,-0.879323,-0.030193,1
4,0,master,65,0.000762,0.953687,-0.952925,-0.045551,1
4,0,master,66,0.001819,0.942922,-0.941103,-0.055259,1
4,0,master,67,0.001437,0.943949,-0.942512,-0.054614,1
4,0,master,68,0.000480,0.996720,-0.996240,-0.002800,1
4,0,master,69,0.000008,0.803986,-0.803978,-0.196006,1
4,0,master,70,0.001274,0.933661,-0.932387,-0.065066,1
4,0,master,71,0.011222,0.707429,-0.696207,-0.281349,1
4,0,master,72,0.004207,0.980661,-0.976454,-0.015131,1
4,0,master,73,0.043741,0.834389,-0.790648,-0.121870,1
4,0,master,74,0.043256,0.855880,-0.812623,-0.100864,1
4,0,master,75,0.032989,0.936716,-0.903727,-0.030295,1
4,0,master,76,0.007125,0.982358,-0.975233,-0.010516,1
4,0,master,77,0.011222,0.707429,-0.696207,-0.281349,1
4,0,master,78,0.004208,0.980660,-0.976452,-0.015132,1
4,0,master,79,0.043740,0.834390,-0.790651,-0.121870,1
4,0,master,80,0.043256,0.855880,-0.812625,-0.100864,1
4,0,master,81,0.033006,0.936663,-0.903657,-0.030331,1
4,0,master,82,0.007164,0.981792,-0.974628,-0.011044,1
4,0,master,83,0.036896,0.616351,-0.579456,-0.346753,1
4,0,master,84,0.000128,0.991229,-0.991101,-0.008642,1
4,0,expert,0,0.034895,0.849892,-0.814997,-0.115213,1
4,0,expert,1,0.034243,0.856360,-0.822117,-0.109397,1
4,0,expert,2,0.037068,0.824950,-0.787882,-0.137982,1
4,0,expert,3,0.062791,0.738017,-0.675226,-0.199192,1
4,0,expert,4,0.060030,0.739592,-0.679562,-0.200378,1
4,0,expert,5,0.060467,0.699436,-0.638968,-0.240097,1
4,0,expert,6,0.062248,0.763606,-0.701358,-0.174146,1
4,0,expert,7,0.012119,0.973562,-0.961444,-0.014319,1
4,0,expert,8,0.081065,0.955276,-0.874211,0.036340,1
4,0,expert,9,0.046059,0.871708,-0.825649,-0.082233,1
4,0,expert,10,0.081164,0.919506,-0.838342,0.000671,1
4,0,expert,11,0.029459,0.868092,-0.838634,-0.102449,1
4,0,expert,12,0.008218,0.854294,-0.846075,-0.137488,1
4,0,expert,13,0.038812,0.942981,-0.904170,-0.018207,1
4,0,expert,14,0.042508,0.956389,-0.913881,-0.001103,1
4,0,expert,15,0.015036,0.838132,-0.823096,-0.146832,1
4,0,expert,16,0.128340,0.897862,-0.769522,0.026201,1
4,0,expert,17,0.102067,0.710295,-0.608228,-0.187639,1
4,0,expert,18,0.114938,0.760927,-0.645988,-0.124135,1
4,0,expert,19,0.041548,0.930238,-0.888690,-0.028214,1
4,0,expert,20,0.079765,0.876106,-0.796341,-0.044129,1
4,0,expert,21,0.015638,0.991548,-0.975910,0.007187,1
4,0,expert,22,0.040844,0.971797,-0.930953,0.012641,1
4,0,expert,23,0.000152,0.960756,-0.960604,-0.039091,1
4,0,expert,24,0.042913,0.949692,-0.906779,-0.007395,1
4,0,expert,25,0.008857,0.975484,-0.966628,-0.015659,1
4,0,expert,26,0.046093,0.945941,-0.899848,-0.007965,1
4,0,expert,27,0.019065,0.980489,-0.961423,-0.000446,1
4,0,expert,28,0.057070,0.954533,-0.897464,0.011603,1
4,0,expert,29,0.066244,0.930927,-0.864684,-0.002829,1
4,0,expert,30,0.052278,0.956863,-0.904585,0.009140,1
4,0,expert,31,0.043702,0.957822,-0.914120,0.001524,1
4,0,expert,32,0.013061,0.950540,-0.937479,-0.036400,1
4,0,expert,33,0.023028,0.899772,-0.876744,-0.077200,1
4,0,expert,34,0.025284,0.971678,-0.946393,-0.003038,1
4,0,expert,35,0.021895,0.962796,-0.940902,-0.015309,1
4,0,expert,36,0.040985,0.953956,-0.912971,-0.005059,1
4,0,expert,37,0.062956,0.955929,-0.892973,0.018885,1
4,0,expert,38,0.031541,0.943466,-0.911925,-0.024993,1
4,0,expert,39,0.041460,0.965082,-0.923622,0.006542,1
4,0,expert,40,0.047049,0.932277,-0.885227,-0.020674,1
4,0,expert,41,0.048146,0.978503,-0.930358,0.026649,1
4,0,expert,42,0.031753,0.955110,-0.923357,-0.013137,1
4,0,expert,43,0.037312,0.961593,-0.924281,-0.001095,1
4,0,expert,44,0.053702,0.945267,-0.891565,-0.001031,1
4,0,expert,45,0.010624,0.967695,-0.957071,-0.021680,1
4,0,expert,46,0.020115,0.937702,-0.917587,-0.042183,1
4,0,expert,47,0.037129,0.978603,-0.941474,0.015732,1
4,0,expert,48,0.023675,0.952728,-0.929053,-0.023597,1
4,0,expert,49,0.037145,0.969444,-0.932299,0.006589,1
4,0,expert,50,0.064456,0.955133,-0.890677,0.019589,1
4,0,expert,51,0.035179,0.935698,-0.900520,-0.029123,1
4,0,expert,52,0.046391,0.969342,-0.922951,0.015732,1
4,0,expert,53,0.052930,0.909751,-0.856822,-0.037319,1
4,0,expert,54,0.053990,0.974796,-0.920806,0.028785,1
4,0,expert,55,0.041245,0.946201,-0.904956,-0.012554,1
4,0,expert,56,0.049045,0.955794,-0.906749,0.004839,1
4,0,expert,57,0.060783,0.921967,-0.861184,-0.017250,1
4,0,expert,58,0.073441,0.957192,-0.883751,0.030633,1
4,0,expert,59,0.027943,0.890202,-0.862260,-0.081855,1
4,0,expert,60,0.006007,0.863238,-0.857231,-0.130755,1
4,0,expert,61,0.007540,0.500000,-0.492460,-0.492460,1
4,0,expert,62,0.007540,0.500014,-0.492473,-0.492446,1
4,0,expert,63,0.105557,0.910530,-0.804973,0.016087,1
4,0,expert,64,0.019697,0.938749,-0.919052,-0.041553,1
4,0,expert,65,0.002598,0.983805,-0.981207,-0.013597,1
4,0,expert,66,0.025368,0.823486,-0.798118,-0.151146,1
4,0,expert,67,0.001610,0.910054,-0.908443,-0.088336,1
4,0,expert,68,0.014092,0.973064,-0.958971,-0.012844,1
4,0,expert,69,0.042838,0.869748,-0.826911,-0.087414,1
4,0,expert,70,0.014671,0.909533,-0.894862,-0.075795,1
4,0,expert,71,0.046380,0.623638,-0.577258,-0.329982,1
4,0,expert,72,0.031955,0.809549,-0.777594,-0.158495,1
4,0,expert,73,0.003837,0.959978,-0.956141,-0.036185,1
4,0,expert,74,0.007830,0.952815,-0.944984,-0.039355,1
4,0,expert,75,0.005460,0.950089,-0.944629,-0.044451,1
4,0,expert,76,0.016028,0.961960,-0.945933,-0.022012,1
4,0,expert,77,0.046380,0.623638,-0.577258,-0.329982,1
4,0,expert,78,0.031955,0.809549,-0.777594,-0.158495,1
4,0,expert,79,0.003837,0.959979,-0.956142,-0.036185,1
4,0,expert,80,0.007830,0.952815,-0.944985,-0.039355,1
4,0,expert,81,0.005457,0.950093,-0.944636,-0.044450,1
4,0,expert,82,0.016054,0.962498,-0.946444,-0.021447,1
4,0,expert,83,0.020743,0.786469,-0.765726,-0.192787,1
4,0,expert,84,0.149160,0.883777,-0.734616,0.032937,1
4,1,master,0,0.060289,0.852400,-0.792112,-0.087311,1
4,1,master,1,0.060021,0.849022,-0.789001,-0.090957,1
4,1,master,2,0.057237,0.856952,-0.799715,-0.085812,1
4,1,master,3,0.018560,0.981939,-0.963379,0.000499,1
4,1,master,4,0.018123,0.985372,-0.967250,0.003495,1
4,1,master,5,0.011981,0.950286,-0.938306,-0.037733,1
4,1,master,6,0.013296,0.992896,-0.979600,0.006192,1
4,1,master,7,0.006411,0.978700,-0.972289,-0.014890,1
4,1,master,8,0.051388,0.908554,-0.857165,-0.040058,1
4,1,master,9,0.000080,0.924624,-0.924544,-0.075296,1
4,1,master,10,0.007074,0.987378,-0.980304,-0.005548,1
4,1,master,11,0.012500,0.874465,-0.861965,-0.113036,1
4,1,master,12,0.008819,0.872906,-0.864087,-0.118275,1
4,1,master,13,0.020114,0.987377,-0.967263,0.007491,1
4,1,master,14,0.030822,0.964132,-0.933310,-0.005046,1
4,1,master,15,0.036829,0.974029,-0.937200,0.010858,1
4,1,master,16,0.001351,0.942098,-0.940747,-0.056552,1
4,1,master,17,0.006293,0.971723,-0.965430,-0.021984,1
4,1,master,18,0.005420,0.987470,-0.982050,-0.007109,1
4,1,master,19,0.000288,0.983392,-0.983104,-0.016320,1
4,1,master,20,0.000353,0.999225,-0.998872,-0.000422,1
4,1,master,21,0.034684,0.969047,-0.934364,0.003731,1
4,1,master,22,0.001642,0.986300,-0.984658,-0.012058,1
4,1,master,23,0.009908,0.953539,-0.943631,-0.036552,1
4,1,master,24,0.001059,0.968910,-0.967851,-0.030032,1
4,1,master,25,0.038807,0.940582,-0.901774,-0.020611,1
4,1,master,26,0.002055,0.978255,-0.976200,-0.019690,1
4,1,master,27,0.006090,0.968912,-0.962822,-0.024998,1
4,1,master,28,0.046934,0.970232,-0.923298,0.017166,1
4,1,master,29,0.012451,0.985676,-0.973225,-0.001873,1
4,1,master,30,0.000178,0.993116,-0.992939,-0.006706,1
4,1,master,31,0.000019,0.984510,-0.984491,-0.015471,1
4,1,master,32,0.026582,0.932540,-0.905958,-0.040878,1
4,1,master,33,0.030414,0.862409,-0.831995,-0.107177,1
4,1,master,34,0.061212,0.924780,-0.863568,-0.014008,1
4,1,master,35,0.058166,0.942790,-0.884624,0.000955,1
4,1,master,36,0.067964,0.934312,-0.866348,0.002275,1
4,1,master,37,0.067397,0.931392,-0.863995,-0.001211,1
4,1,master,38,0.050900,0.949562,-0.898662,0.000462,1
4,1,master,39,0.063417,0.957283,-0.893866,0.020700,1
4,1,master,40,0.036746,0.968949,-0.932203,0.005696,1
4,1,master,41,0.066671,0.937312,-0.870641,0.003984,1
4,1,master,42,0.046020,0.957017,-0.910997,0.003037,1
4,1,master,43,0.043127,0.949644,-0.906517,-0.007230,1
4,1,master,44,0.044058,0.952562,-0.908504,-0.003379,1
4,1,master,45,0.030271,0.914565,-0.884294,-0.055164,1
4,1,master,46,0.027761,0.876172,-0.848410,-0.096067,1
4,1,master,47,0.061497,0.930520,-0.869023,-0.007983,1
4,1,master,48,0.051771,0.937663,-0.885892,-0.010567,1
4,1,master,49,0.057920,0.937761,-0.879841,-0.004318,1
4,1,master,50,0.063952,0.937000,-0.873047,0.000952,1
4,1,master,51,0.050324,0.940408,-0.890084,-0.009267,1
4,1,master,52,0.055246,0.956313,-0.901067,0.011559,1
4,1,master,53,0.031837,0.970328,-0.938491,0.002166,1
4,1,master,54,0.062061,0.937854,-0.875792,-0.000085,1
4,1,master,55,0.038825,0.960675,-0.921851,-0.000500,1
4,1,master,56,0.037440,0.951722,-0.914282,-0.010838,1
4,1,master,57,0.037688,0.957274,-0.919586,-0.005038,1
4,1,master,58,0.049447,0.974131,-0.924684,0.023578,1
4,1,master,59,0.000433,0.960040,-0.959607,-0.039527,1
4,1,master,60,0.012827,0.929078,-0.916251,-0.058095,1
4,1,master,61,0.001896,0.500025,-0.498129,-0.498079,1
4,1,master,62,0.001896,0.500042,-0.498146,-0.498062,1
4,1,master,63,0.003619,0.991395,-0.987775,-0.004986,1
4,1,master,64,0.000351,0.995294,-0.994943,-0.004355,1
4,1,master,65,0.000586,0.919953,-0.919367,-0.079461,1
4,1,master,66,0.001884,0.839982,-0.838098,-0.158134,1
4,1,master,67,0.000054,0.940681,-0.940626,-0.059265,1
4,1,master,68,0.002466,0.980689,-0.978223,-0.016846,1
4,1,master,69,0.000000,0.955808,-0.955807,-0.044192,1
4,1,master,70,0.000551,0.983758,-0.983207,-0.015691,1
4,1,master,71,0.001495,0.757949,-0.756454,-0.240556,1
4,1,master,72,0.000126,0.938090,-0.937964,-0.061785,1
4,1,master,73,0.006328,0.853859,-0.847531,-0.139814,1
4,1,master,74,0.000575,0.920028,-0.919454,-0.079397,1
4,1,master,75,0.000761,0.882013,-0.881252,-0.117226,1
4,1,master,76,0.000783,0.925167,-0.924384,-0.074050,1
4,1,master,77,0.001495,0.757949,-0.756454,-0.240556,1
4,1,master,78,0.000125,0.938006,-0.937881,-0.061868,1
4,1,master,79,0.006327,0.853864,-0.847538,-0.139809,1
4,1,master,80,0.000575,0.919994,-0.919419,-0.079431,1
4,1,master,81,0.000761,0.882013,-0.881252,-0.117225,1
4,1,master,82,0.000783,0.925168,-0.924384,-0.074049,1
4,1,master,83,0.036896,0.616351,-0.579456,-0.346753,1
4,1,master,84,0.000128,0.991229,-0.991101,-0.008642,1
4,1,expert,0,0.070222,0.786093,-0.715871,-0.143685,1
4,1,expert,1,0.068447,0.782547,-0.714100,-0.149006,1
4,1,expert,2,0.068950,0.781243,-0.712293,-0.149806,1
4,1,expert,3,0.083228,0.788549,-0.705321,-0.128223,1
4,1,expert,4,0.078151,0.791219,-0.713068,-0.130630,1
4,1,expert,5,0.092107,0.751609,-0.659502,-0.156284,1
4,1,expert,6,0.082829,0.783190,-0.700361,-0.133982,1
4,1,expert,7,0.027403,0.894744,-0.867341,-0.077853,1
4,1,expert,8,0.116858,0.932834,-0.815976,0.049693,1
4,1,expert,9,0.084958,0.740394,-0.655436,-0.174649,1
4,1,expert,10,0.079153,0.927816,-0.848663,0.006969,1
4,1,expert,11,0.018328,0.801736,-0.783409,-0.179936,1
4,1,expert,12,0.019488,0.797750,-0.778262,-0.182761,1
4,1,expert,13,0.001509,0.901325,-0.899816,-0.097166,1
4,1,expert,14,0.016298,0.932103,-0.915805,-0.051599,1
4,1,expert,15,0.014330,0.841518,-0.827188,-0.144152,1
4,1,expert,16,0.153653,0.926717,-0.773065,0.080370,1
4,1,expert,17,0.086967,0.911602,-0.824635,-0.001431,1
4,1,expert,18,0.057241,0.967406,-0.910165,0.024647,1
4,1,expert,19,0.037594,0.953580,-0.915986,-0.008826,1
4,1,expert,20,0.068994,0.925381,-0.856387,-0.005625,1
4,1,expert,21,0.013199,0.980529,-0.967330,-0.006272,1
4,1,expert,22,0.013645,0.974163,-0.960518,-0.012192,1
4,1,expert,23,0.016546,0.956437,-0.939891,-0.027017,1
4,1,expert,24,0.100951,0.882408,-0.781456,-0.016641,1
4,1,expert,25,0.058231,0.937142,-0.878911,-0.004627,1
4,1,expert,26,0.044498,0.933629,-0.889131,-0.021873,1
4,1,expert,27,0.020940,0.963930,-0.942990,-0.015131,1
4,1,expert,28,0.062920,0.947973,-0.885053,0.010893,1
4,1,expert,29,0.120352,0.932743,-0.812391,0.053095,1
4,1,expert,30,0.076317,0.928394,-0.852077,0.004711,1
4,1,expert,31,0.044083,0.972496,-0.928412,0.016579,1
4,1,expert,32,0.025035,0.896751,-0.871715,-0.078214,1
4,1,expert,33,0.047737,0.798687,-0.750950,-0.153576,1
4,1,expert,34,0.022529,0.950429,-0.927900,-0.027042,1
4,1,expert,35,0.025275,0.987212,-0.961937,0.012487,1
4,1,expert,36,0.034304,0.938635,-0.904331,-0.027062,1
4,1,expert,37,0.021743,0.940003,-0.918259,-0.038254,1
4,1,expert,38,0.035668,0.946688,-0.911020,-0.017644,1
4,1,expert,39,0.047558,0.950590,-0.903032,-0.001852,1
4,1,expert,40,0.037621,0.928272,-0.890651,-0.034108,1
4,1,expert,41,0.034994,0.968265,-0.933271,0.003259,1
4,1,expert,42,0.043300,0.970723,-0.927423,0.014023,1
4,1,expert,43,0.027724,0.969717,-0.941992,-0.002559,1
4,1,expert,44,0.048238,0.959074,-0.910836,0.007311,1
4,1,expert,45,0.033114,0.887099,-0.853985,-0.079786,1
4,1,expert,46,0.048367,0.830998,-0.782630,-0.120635,1
4,1,expert,47,0.031326,0.936305,-0.904980,-0.032369,1
4,1,expert,48,0.033694,0.978610,-0.944916,0.012304,1
4,1,expert,49,0.043380,0.916177,-0.872797,-0.040443,1
4,1,expert,50,0.026755,0.959605,-0.932850,-0.013641,1
4,1,expert,51,0.048643,0.941820,-0.893177,-0.009537,1
4,1,expert,52,0.071086,0.955321,-0.884236,0.026407,1
4,1,expert,53,0.042152,0.931829,-0.889676,-0.026019,1
4,1,expert,54,0.036410,0.963653,-0.927243,0.000063,1
4,1,expert,55,0.048790,0.957446,-0.908656,0.006235,1
4,1,expert,56,0.028891,0.975424,-0.946533,0.004315,1
4,1,expert,57,0.046386,0.958416,-0.912030,0.004802,1
4,1,expert,58,0.107988,0.911584,-0.803596,0.019572,1
4,1,expert,59,0.046554,0.929842,-0.883288,-0.023603,1
4,1,expert,60,0.016776,0.864304,-0.847529,-0.118920,1
4,1,expert,61,0.015197,0.250004,-0.234807,-0.734798,1
4,1,expert,62,0.015198,0.250000,-0.234802,-0.734802,1
4,1,expert,63,0.038503,0.881868,-0.843365,-0.079628,1
4,1,expert,64,0.063144,0.964747,-0.901604,0.027891,1
4,1,expert,65,0.005486,0.929440,-0.923954,-0.065074,1
4,1,expert,66,0.025801,0.625243,-0.599442,-0.348956,1
4,1,expert,67,0.026446,0.807266,-0.780820,-0.166287,1
4,1,expert,68,0.001987,0.979472,-0.977485,-0.018541,1
4,1,expert,69,0.004097,0.903608,-0.899511,-0.092295,1
4,1,expert,70,0.005242,0.927866,-0.922624,-0.066891,1
4,1,expert,71,0.028005,0.555193,-0.527188,-0.416802,1
4,1,expert,72,0.038367,0.739777,-0.701410,-0.221856,1
4,1,expert,73,0.015195,0.900976,-0.885781,-0.083829,1
4,1,expert,74,0.009141,0.910124,-0.900982,-0.080735,1
4,1,expert,75,0.017151,0.654784,-0.637633,-0.328065,1
4,1,expert,76,0.027418,0.729550,-0.702132,-0.243031,1
4,1,expert,77,0.028005,0.555193,-0.527188,-0.416802,1
4,1,expert,78,0.038359,0.739599,-0.701240,-0.222041,1
4,1,expert,79,0.015196,0.900982,-0.885786,-0.083822,1
4,1,expert,80,0.009135,0.910145,-0.901010,-0.080720,1
4,1,expert,81,0.017150,0.654786,-0.637636,-0.328063,1
4,1,expert,82,0.027417,0.729555,-0.702138,-0.243027,1
4,1,expert,83,0.020743,0.786469,-0.765726,-0.192787,1
4,1,expert,84,0.149160,0.883777,-0.734616,0.032937,1
4,2,master,0,0.048977,0.807402,-0.758425,-0.143622,1
4,2,master,1,0.048096,0.802609,-0.754513,-0.149295,1
4,2,master,2,0.046342,0.815595,-0.769253,-0.138063,1
4,2,master,3,0.047438,0.775755,-0.728316,-0.176807,1
4,2,master,4,0.048181,0.755991,-0.707810,-0.195828,1
4,2,master,5,0.041851,0.801681,-0.759830,-0.156468,1
4,2,master,6,0.035578,0.824640,-0.789062,-0.139782,1
4,2,master,7,0.003127,0.978433,-0.975306,-0.018440,1
4,2,master,8,0.107433,0.887890,-0.780457,-0.004676,1
4,2,master,9,0.003416,0.985681,-0.982265,-0.010903,1
4,2,master,10,0.017940,0.962608,-0.944668,-0.019453,1
4,2,master,11,0.025923,0.893350,-0.867427,-0.080727,1
4,2,master,12,0.010963,0.773324,-0.762362,-0.215713,1
4,2,master,13,0.001255,0.998916,-0.997661,0.000170,1
4,2,master,14,0.003899,0.977151,-0.973251,-0.018950,1
4,2,master,15,0.007336,0.910135,-0.902799,-0.082529,1
4,2,master,16,0.058095,0.895973,-0.837878,-0.045933,1
4,2,master,17,0.009441,0.857207,-0.847766,-0.133351,1
4,2,master,18,0.003760,0.942760,-0.939000,-0.053480,1
4,2,master,19,0.007797,0.964097,-0.956299,-0.028106,1
4,2,master,20,0.010809,0.980154,-0.969345,-0.009036,1
4,2,master,21,0.020513,0.981462,-0.960949,0.001974,1
4,2,master,22,0.018081,0.981051,-0.962970,-0.000867,1
4,2,master,23,0.010116,0.970630,-0.960513,-0.019254,1
4,2,master,24,0.000483,0.994311,-0.993828,-0.005206,1
4,2,master,25,0.023532,0.963055,-0.939524,-0.013413,1
4,2,master,26,0.029843,0.986326,-0.956483,0.016169,1
4,2,master,27,0.002357,0.990685,-0.988328,-0.006957,1
4,2,master,28,0.018914,0.964722,-0.945809,-0.016364,1
4,2,master,29,0.003882,0.992134,-0.988252,-0.003984,1
4,2,master,30,0.000040,0.983407,-0.983367,-0.016554,1
4,2,master,31,0.004109,0.958377,-0.954268,-0.037514,1
4,2,master,32,0.019158,0.940848,-0.921690,-0.039994,1
4,2,master,33,0.022422,0.879093,-0.856670,-0.098485,1
4,2,master,34,0.031285,0.951618,-0.920333,-0.017098,1
4,2,master,35,0.021967,0.950443,-0.928476,-0.027589,1
4,2,master,36,0.019118,0.941371,-0.922253,-0.039511,1
4,2,master,37,0.031740,0.936169,-0.904429,-0.032091,1
4,2,master,38,0.016030,0.970035,-0.954005,-0.013935,1
4,2,master,39,0.018993,0.950853,-0.931860,-0.030155,1
4,2,master,40,0.011828,0.946541,-0.934714,-0.041631,1
4,2,master,41,0.045376,0.902027,-0.856651,-0.052596,1
4,2,master,42,0.025500,0.931886,-0.906387,-0.042614,1
4,2,master,43,0.030299,0.962031,-0.931732,-0.007670,1
4,2,master,44,0.008984,0.959125,-0.950141,-0.031891,1
4,2,master,45,0.014717,0.976581,-0.961864,-0.008702,1
4,2,master,46,0.015878,0.917040,-0.901162,-0.067082,1
4,2,master,47,0.028428,0.967147,-0.938719,-0.004425,1
4,2,master,48,0.011924,0.968690,-0.956765,-0.019386,1
4,2,master,49,0.013529,0.953082,-0.939552,-0.033389,1
4,2,master,50,0.030302,0.933558,-0.903256,-0.036140,1
4,2,master,51,0.015229,0.970868,-0.955639,-0.013903,1
4,2,master,52,0.017943,0.949283,-0.931340,-0.032774,1
4,2,master,53,0.007624,0.955652,-0.948029,-0.036724,1
4,2,master,54,0.037858,0.908177,-0.870318,-0.053965,1
4,2,master,55,0.022346,0.921670,-0.899325,-0.055984,1
4,2,master,56,0.027057,0.964016,-0.936959,-0.008928,1
4,2,master,57,0.009065,0.963128,-0.954063,-0.027807,1
4,2,master,58,0.037465,0.957792,-0.920327,-0.004744,1
4,2,master,59,0.003926,0.976190,-0.972264,-0.019884,1
4,2,master,60,0.006833,0.977651,-0.970817,-0.015516,1
4,2,master,61,0.001896,0.500031,-0.498136,-0.498073,1
4,2,master,62,0.001896,0.500043,-0.498147,-0.498061,1
4,2,master,63,0.006826,0.947777,-0.940952,-0.045397,1
4,2,master,64,0.000080,0.987808,-0.987728,-0.012112,1
4,2,master,65,0.000003,0.970503,-0.970500,-0.029493,1
4,2,master,66,0.000776,0.929605,-0.928829,-0.069618,1
4,2,master,67,0.000663,0.973804,-0.973141,-0.025533,1
4,2,master,68,0.000213,0.980646,-0.980433,-0.019142,1
4,2,master,69,0.003150,0.974341,-0.971190,-0.022509,1
4,2,master,70,0.000088,0.938460,-0.938372,-0.061452,1
4,2,master,71,0.005090,0.875503,-0.870413,-0.119407,1
4,2,master,72,0.002473,0.907249,-0.904776,-0.090278,1
4,2,master,73,0.002526,0.858728,-0.856202,-0.138745,1
4,2,master,74,0.003725,0.839190,-0.835465,-0.157085,1
4,2,master,75,0.002262,0.881400,-0.879137,-0.116338,1
4,2,master,76,0.000425,0.989748,-0.989324,-0.009827,1
4,2,master,77,0.005090,0.875503,-0.870413,-0.119407,1
4,2,master,78,0.002473,0.907249,-0.904776,-0.090278,1
4,2,master,79,0.002526,0.858728,-0.856202,-0.138745,1
4,2,master,80,0.003725,0.839189,-0.835463,-0.157086,1
4,2,master,81,0.002262,0.881400,-0.879138,-0.116338,1
4,2,master,82,0.000428,0.989692,-0.989264,-0.009880,1
4,2,master,83,0.036896,0.616351,-0.579456,-0.346753,1
4,2,master,84,0.000128,0.991229,-0.991101,-0.008642,1
4,2,expert,0,0.021735,0.859771,-0.838036,-0.118494,1
4,2,expert,1,0.020335,0.861895,-0.841559,-0.117770,1
4,2,expert,2,0.026688,0.845440,-0.818752,-0.127872,1
4,2,expert,3,0.052459,0.850417,-0.797958,-0.097124,1
4,2,expert,4,0.049276,0.855969,-0.806692,-0.094755,1
4,2,expert,5,0.058821,0.832323,-0.773502,-0.108856,1
4,2,expert,6,0.057647,0.808699,-0.751053,-0.133654,1
4,2,expert,7,0.033013,0.900738,-0.867725,-0.066248,1
4,2,expert,8,0.084393,0.937341,-0.852948,0.021734,1
4,2,expert,9,0.040320,0.848457,-0.808137,-0.111222,1
4,2,expert,10,0.108556,0.944187,-0.835632,0.052743,1
4,2,expert,11,0.029559,0.860206,-0.830647,-0.110234,1
4,2,expert,12,0.008518,0.822587,-0.814069,-0.168895,1
4,2,expert,13,0.017543,0.979099,-0.961556,-0.003358,1
4,2,expert,14,0.027555,0.966731,-0.939176,-0.005714,1
4,2,expert,15,0.021913,0.936300,-0.914388,-0.041787,1
4,2,expert,16,0.090502,0.882270,-0.791768,-0.027228,1
4,2,expert,17,0.090402,0.692972,-0.602571,-0.216626,1
4,2,expert,18,0.052186,0.816754,-0.764567,-0.131060,1
4,2,expert,19,0.060866,0.927988,-0.867122,-0.011146,1
4,2,expert,20,0.041707,0.932210,-0.890503,-0.026083,1
4,2,expert,21,0.015621,0.955409,-0.939788,-0.028969,1
4,2,expert,22,0.018055,0.918806,-0.900751,-0.063139,1
4,2,expert,23,0.010722,0.970941,-0.960220,-0.018337,1
4,2,expert,24,0.043766,0.961234,-0.917469,0.005000,1
4,2,expert,25,0.014879,0.976238,-0.961359,-0.008883,1
4,2,expert,26,0.067682,0.928235,-0.860553,-0.004083,1
4,2,expert,27,0.007137,0.982290,-0.975153,-0.010572,1
4,2,expert,28,0.082266,0.958969,-0.876702,0.041235,1
4,2,expert,29,0.066901,0.950385,-0.883484,0.017286,1
4,2,expert,30,0.011081,0.983563,-0.972482,-0.005356,1
4,2,expert,31,0.030524,0.972917,-0.942393,0.003441,1
4,2,expert,32,0.013191,0.922721,-0.909531,-0.064088,1
4,2,expert,33,0.008200,0.918809,-0.910609,-0.072991,1
4,2,expert,34,0.025323,0.883108,-0.857785,-0.091569,1
4,2,expert,35,0.027817,0.943823,-0.916006,-0.028360,1
4,2,expert,36,0.012582,0.964322,-0.951740,-0.023096,1
4,2,expert,37,0.011530,0.982799,-0.971269,-0.005671,1
4,2,expert,38,0.028244,0.976273,-0.948029,0.004517,1
4,2,expert,39,0.016244,0.976565,-0.960321,-0.007192,1
4,2,expert,40,0.031359,0.958732,-0.927373,-0.009909,1
4,2,expert,41,0.012284,0.976234,-0.963950,-0.011481,1
4,2,expert,42,0.021482,0.965712,-0.944230,-0.012806,1
4,2,expert,43,0.015786,0.977819,-0.962033,-0.006395,1
4,2,expert,44,0.017640,0.950258,-0.932619,-0.032102,1
4,2,expert,45,0.013061,0.935610,-0.922549,-0.051329,1
4,2,expert,46,0.013162,0.904350,-0.891188,-0.082488,1
4,2,expert,47,0.032047,0.894225,-0.862178,-0.073728,1
4,2,expert,48,0.030474,0.927690,-0.897216,-0.041836,1
4,2,expert,49,0.019100,0.971341,-0.952240,-0.009559,1
4,2,expert,50,0.011271,0.977974,-0.966703,-0.010755,1
4,2,expert,51,0.035859,0.963446,-0.927587,-0.000694,1
4,2,expert,52,0.021798,0.957129,-0.935331,-0.021073,1
4,2,expert,53,0.041671,0.960977,-0.919306,0.002649,1
4,2,expert,54,0.020939,0.960347,-0.939408,-0.018714,1
4,2,expert,55,0.022897,0.966331,-0.943434,-0.010773,1
4,2,expert,56,0.019436,0.986951,-0.967516,0.006387,1
4,2,expert,57,0.012296,0.946999,-0.934703,-0.040705,1
4,2,expert,58,0.036976,0.955641,-0.918665,-0.007383,1
4,2,expert,59,0.026543,0.967039,-0.940496,-0.006419,1
4,2,expert,60,0.016443,0.972781,-0.956337,-0.010776,1
4,2,expert,61,0.015198,0.250000,-0.234802,-0.734802,1
4,2,expert,62,0.015198,0.250003,-0.234805,-0.734800,1
4,2,expert,63,0.057889,0.932636,-0.874747,-0.009476,1
4,2,expert,64,0.049081,0.960303,-0.911222,0.009384,1
4,2,expert,65,0.003112,0.947258,-0.944146,-0.049630,1
4,2,expert,66,0.012146,0.851803,-0.839657,-0.136052,1
4,2,expert,67,0.004733,0.908729,-0.903995,-0.086538,1
4,2,expert,68,0.013701,0.960584,-0.946884,-0.025715,1
4,2,expert,69,0.005946,0.960242,-0.954296,-0.033812,1
4,2,expert,70,0.003563,0.872160,-0.868596,-0.124277,1
4,2,expert,71,0.059687,0.671698,-0.612010,-0.268615,1
4,2,expert,72,0.041013,0.730537,-0.689524,-0.228450,1
4,2,expert,73,0.007613,0.865165,-0.857552,-0.127222,1
4,2,expert,74,0.004737,0.893811,-0.889074,-0.101452,1
4,2,expert,75,0.007751,0.905415,-0.897664,-0.086834,1
4,2,expert,76,0.018972,0.853623,-0.834651,-0.127405,1
4,2,expert,77,0.059687,0.671698,-0.612010,-0.268615,1
4,2,expert,78,0.041013,0.730537,-0.689524,-0.228450,1
4,2,expert,79,0.007613,0.865165,-0.857552,-0.127222,1
4,2,expert,80,0.004737,0.893811,-0.889074,-0.101452,1
4,2,expert,81,0.007751,0.905414,-0.897663,-0.086835,1
4,2,expert,82,0.018979,0.853799,-0.834819,-0.127222,1
4,2,expert,83,0.020743,0.786469,-0.765726,-0.192787,1
4,2,expert,84,0.149160,0.883777,-0.734616,0.032937,1
